Deployment Name,Warehouse Mumbai
Start Date,16-02-2026
End Date,10-03-2026
Report Generation Date&Time,11/03/2026, 05:08:07 pm

Supplier ,Receiver ,Receiver Kitchen ,Date,Expected Delivery,Indent Number ,Status ,Item Code ,HSN Code ,Item Name ,Category Code ,Category Name ,Super Category Code ,Super Category Name ,Unit ,UnitPrice,Margin Percentage,IndentPrice,Requested Qty ,Tax ,SubTotal ,Amount ,Comment ,Supplied Date ,Supplied Qty ,Tax ,SubTotal ,Amount ,Comment ,Dispatch Number ,Received Date ,Received Qty ,Tax ,SubTotal ,Amount ,Comment ,Directly Issued ,Suspicious Qty ,Suspicious Amount ,Reuse Qty ,Reuse Amount ,Wastage Qty ,Wastage Amount ,Item Status ,

Warehouse Mumbai,Coffee Island Eros Churchgate - Mumbai,Coffee Island Eros Churchgate - Main Store,17-02-2026,18-02-2026,IN41,Received,RAW0000004,,Beans - Ethiopian Blend,CT_43,RM BEVERAGES - BEANS,-,RAW MATERIAL,KG,1063.33,-,1063.33,1,53.17,1063.33,1116.5,-,17-02-2026,1,53.17,1063.3300000000002,1116.5,-,50,17-02-2026,1,53.17,1063.33,1116.5,-,No,0,0.00,0,0,0,0,Received,
Warehouse Mumbai,Coffee Island Eros Churchgate - Mumbai,Coffee Island Eros Churchgate - Main Store,17-02-2026,18-02-2026,IN41,Received,RAW0000005,,Beans - Ethiopian Single Estate,CT_43,RM BEVERAGES - BEANS,-,RAW MATERIAL,KG,3013.33,-,3013.33,1,150.67,3013.33,3164,-,17-02-2026,1,150.67,3013.33,3164,-,50,17-02-2026,1,150.67,3013.33,3164,-,No,0,0.00,0,0,0,0,Received,
Warehouse Mumbai,Coffee Island Eros Churchgate - Mumbai,Coffee Island Eros Churchgate - Main Store,17-02-2026,18-02-2026,IN41,Received,PKG0000016,39239020,Disposable - Lid (Cold) 12Oz - Dome,CT_23,DISPOSABLE PACKAGING - BEVERAGES - LIDS,-,DISPOSABLE TAKE AWAY PACKAGING,PCS,1.5,-,1.5,100,27,150,177,-,17-02-2026,100,27,150,177,-,50,17-02-2026,100,27,150,177,-,No,0,0.00,0,0,0,0,Received,
Warehouse Mumbai,Coffee Island Eros Churchgate - Mumbai,Coffee Island Eros Churchgate - Main Store,17-02-2026,18-02-2026,IN41,Received,PKG0000013,,Disposable - Paper Cup 12Oz,CT_25,DISPOSABLE PACKAGING - BEVERAGES - CUPS,-,DISPOSABLE TAKE AWAY PACKAGING,PCS,4.65,-,4.65,300,251.1,1395,1646.1,-,17-02-2026,300,251.1,1395,1646.1,-,50,17-02-2026,300,251.1,1395,1646.1,-,No,0,0.00,0,0,0,0,Received,
Warehouse Mumbai,Coffee Island Eros Churchgate - Mumbai,Coffee Island Eros Churchgate - Main Store,17-02-2026,18-02-2026,IN42,Received,RAW0000147,,Apple Zest syrup 750 Ml,CT_49,RM BEVERAGES - SYRUP/SAUCE,-,RAW MATERIAL,BTL(750ML/983GM),407.55,-,407.55,2,40.76,815.1,855.86,-,18-02-2026,2,40.76,815.1,855.86,-,52,18-02-2026,2,40.76,815.1,855.86,-,No,0,0.00,0,0,0,0,Received,
Warehouse Mumbai,Coffee Island Eros Churchgate - Mumbai,Coffee Island Eros Churchgate - Main Store,17-02-2026,18-02-2026,IN42,Received,RAW0000004,,Beans - Ethiopian Blend,CT_43,RM BEVERAGES - BEANS,-,RAW MATERIAL,KG,1063.33,-,1063.33,3.5,186.08,3721.66,3907.74,-,18-02-2026,3.5,186.08,3721.655,3907.74,-,52,18-02-2026,3.5,186.08,3721.66,3907.74,Not Recieved,No,0,0.00,0,0,0,0,Received,
Warehouse Mumbai,Coffee Island Eros Churchgate - Mumbai,Coffee Island Eros Churchgate - Main Store,17-02-2026,18-02-2026,IN42,Received,RAW0000003,,Beans - Kenya Blend,CT_43,RM BEVERAGES - BEANS,-,RAW MATERIAL,KG,1093.33,-,1093.33,2,109.33,2186.66,2295.99,-,18-02-2026,2,109.33,2186.66,2295.99,-,52,18-02-2026,2,109.33,2186.66,2295.99,Not Recieved,No,0,0.00,0,0,0,0,Received,
Warehouse Mumbai,Coffee Island Eros Churchgate - Mumbai,Coffee Island Eros Churchgate - Main Store,17-02-2026,18-02-2026,IN42,Received,RAW0000006,,Beans - Kenya Single Estate,CT_43,RM BEVERAGES - BEANS,-,RAW MATERIAL,KG,3463.33,-,3463.33,3,519.5,10389.99,10909.49,-,18-02-2026,3,519.5,10389.990000000002,10909.49,-,52,18-02-2026,3,519.5,10389.99,10909.49,Not Recieved,No,0,0.00,0,0,0,0,Received,
Warehouse Mumbai,Coffee Island Eros Churchgate - Mumbai,Coffee Island Eros Churchgate - Main Store,17-02-2026,18-02-2026,IN42,Received,RAW0000001,,Beans - Master Blend,CT_43,RM BEVERAGES - BEANS,-,RAW MATERIAL,KG,798.33,-,798.33,35,1397.08,27941.55,29338.63,-,18-02-2026,35,1397.08,27941.550000000003,29338.63,-,52,18-02-2026,35,1397.08,27941.55,29338.63,-,No,0,0.00,0,0,0,0,Received,
Warehouse Mumbai,Coffee Island Eros Churchgate - Mumbai,Coffee Island Eros Churchgate - Main Store,17-02-2026,18-02-2026,IN42,Received,RAW0000002,09011111,Beans - Volcano Blend,CT_43,RM BEVERAGES - BEANS,-,RAW MATERIAL,KG,812.4,-,812.4,80,3249.6,64992,68241.6,-,18-02-2026,80,3249.6,64992,68241.6,-,52,18-02-2026,80,3249.6,64992,68241.6,-,No,0,0.00,0,0,0,0,Received,
Warehouse Mumbai,Coffee Island Eros Churchgate - Mumbai,Coffee Island Eros Churchgate - Main Store,17-02-2026,18-02-2026,IN42,Received,RAW0000025,21069050,Chocolate Powder - Hot,CT_48,RM BEVERAGES - POWDERS,-,RAW MATERIAL,KG,785,-,785,10,392.5,7850,8242.5,-,18-02-2026,10,392.5,7850,8242.5,-,52,18-02-2026,10,392.5,7850,8242.5,-,No,0,0.00,0,0,0,0,Received,
Warehouse Mumbai,Coffee Island Eros Churchgate - Mumbai,Coffee Island Eros Churchgate - Main Store,17-02-2026,18-02-2026,IN42,Received,PKG0000034,,Coffee Island Bag Sealing Sticker,-,DISPOSABLE PACKAGING - ACCESSORIES - STICKERS,03,DISPOSABLE TAKE AWAY PACKAGING,PCS,1.25,-,1.25,2016,453.6,2520,2973.6,-,18-02-2026,2016,453.6,2520,2973.6,-,52,18-02-2026,2016,453.6,2520,2973.6,-,No,0,0.00,0,0,0,0,Received,
Warehouse Mumbai,Coffee Island Eros Churchgate - Mumbai,Coffee Island Eros Churchgate - Main Store,17-02-2026,18-02-2026,IN42,Received,PKG0000035,,Coffee Island Coin Sticker,-,DISPOSABLE PACKAGING - ACCESSORIES - STICKERS,03,DISPOSABLE TAKE AWAY PACKAGING,PCS,0.23,-,0.23,500,20.7,115,135.7,-,18-02-2026,500,20.7,115,135.7,-,52,18-02-2026,500,20.7,115,135.7,-,No,0,0.00,0,0,0,0,Received,
Warehouse Mumbai,Coffee Island Eros Churchgate - Mumbai,Coffee Island Eros Churchgate - Main Store,17-02-2026,18-02-2026,IN42,Received,PKG0000036,,Coffee Island MRD Sticker,-,DISPOSABLE PACKAGING - ACCESSORIES - STICKERS,03,DISPOSABLE TAKE AWAY PACKAGING,PCS,0.35,-,0.35,500,31.5,175,206.5,-,18-02-2026,500,31.5,175,206.5,-,52,18-02-2026,500,31.5,175,206.5,-,No,0,0.00,0,0,0,0,Received,
Warehouse Mumbai,Coffee Island Eros Churchgate - Mumbai,Coffee Island Eros Churchgate - Main Store,17-02-2026,18-02-2026,IN42,Received,RET0000024,,Cold Coffee Can - Irish,CT_64,RTD COLD COFFEE - BOTTLE/CAN,-,RETAIL,PCS,55,-,55,12,79.2,660,739.2,-,18-02-2026,12,79.2,660,739.2,-,52,18-02-2026,12,79.2,660,739.2,-,No,0,0.00,0,0,0,0,Received,
Warehouse Mumbai,Coffee Island Eros Churchgate - Mumbai,Coffee Island Eros Churchgate - Main Store,17-02-2026,18-02-2026,IN42,Received,PKG0000009,48236900,Disposable - Cup Holder,CT_22,DISPOSABLE PACKAGING - ACCESSORIES - CUP HOLDER,-,DISPOSABLE TAKE AWAY PACKAGING,PCS,1.7,-,1.7,1500,459,2550,3009,-,18-02-2026,1500,459,2550,3009,-,52,18-02-2026,1500,459,2550,3009,-,No,0,0.00,0,0,0,0,Received,
Warehouse Mumbai,Coffee Island Eros Churchgate - Mumbai,Coffee Island Eros Churchgate - Main Store,17-02-2026,18-02-2026,IN42,Received,PKG0000016,39239020,Disposable - Lid (Cold) 12Oz - Dome,CT_23,DISPOSABLE PACKAGING - BEVERAGES - LIDS,-,DISPOSABLE TAKE AWAY PACKAGING,PCS,1.5,-,1.5,1000,270,1500,1770,-,18-02-2026,1000,270,1500,1770,-,52,18-02-2026,1000,270,1500,1770,-,No,0,0.00,0,0,0,0,Received,
Warehouse Mumbai,Coffee Island Eros Churchgate - Mumbai,Coffee Island Eros Churchgate - Main Store,17-02-2026,18-02-2026,IN42,Received,PKG0000018,39239020,Disposable - Lid (Hot) 08Oz,CT_23,DISPOSABLE PACKAGING - BEVERAGES - LIDS,-,DISPOSABLE TAKE AWAY PACKAGING,PCS,2.4,-,2.4,800,345.6,1920,2265.6,-,18-02-2026,800,345.6,1920,2265.6,-,52,18-02-2026,800,345.6,1920,2265.6,-,No,0,0.00,0,0,0,0,Received,
Warehouse Mumbai,Coffee Island Eros Churchgate - Mumbai,Coffee Island Eros Churchgate - Main Store,17-02-2026,18-02-2026,IN42,Received,PKG0000029,,Disposable - Paper Bowl (1000Ml),CT_29,DISPOSABLE PACKAGING - FOOD - FOOD BOX,-,DISPOSABLE TAKE AWAY PACKAGING,PCS,7.5,-,7.5,200,270,1500,1770,-,18-02-2026,200,270,1500,1770,-,52,18-02-2026,200,270,1500,1770,-,No,0,0.00,0,0,0,0,Received,
Warehouse Mumbai,Coffee Island Eros Churchgate - Mumbai,Coffee Island Eros Churchgate - Main Store,17-02-2026,18-02-2026,IN42,Received,PKG0000012,48236900,Disposable - Paper Cup 08Oz,CT_25,DISPOSABLE PACKAGING - BEVERAGES - CUPS,-,DISPOSABLE TAKE AWAY PACKAGING,PCS,2.88,-,2.88,1200,622.08,3456,4078.08,-,18-02-2026,1200,622.08,3456,4078.08,-,52,18-02-2026,1200,622.08,3456,4078.08,25 Short & 500 other Brand,No,0,0.00,0,0,0,0,Received,
Warehouse Mumbai,Coffee Island Eros Churchgate - Mumbai,Coffee Island Eros Churchgate - Main Store,17-02-2026,18-02-2026,IN42,Received,PKG0000013,,Disposable - Paper Cup 12Oz,CT_25,DISPOSABLE PACKAGING - BEVERAGES - CUPS,-,DISPOSABLE TAKE AWAY PACKAGING,PCS,4.65,-,4.65,1500,1255.5,6975,8230.5,-,18-02-2026,1500,1255.5,6975.000000000001,8230.5,-,52,18-02-2026,1500,1255.5,6975,8230.5,-,No,0,0.00,0,0,0,0,Received,
Warehouse Mumbai,Coffee Island Eros Churchgate - Mumbai,Coffee Island Eros Churchgate - Main Store,17-02-2026,18-02-2026,IN42,Received,PKG0000026,,Disposable - Square Box,CT_29,DISPOSABLE PACKAGING - FOOD - FOOD BOX,-,DISPOSABLE TAKE AWAY PACKAGING,PCS,6.45,-,6.45,400,309.6,2580,2889.6,-,18-02-2026,400,309.6,2580,2889.6,-,52,18-02-2026,400,309.6,2580,2889.6,-,No,0,0.00,0,0,0,0,Received,
Warehouse Mumbai,Coffee Island Eros Churchgate - Mumbai,Coffee Island Eros Churchgate - Main Store,17-02-2026,18-02-2026,IN42,Received,PKG0000020,39269099,Disposable - Straw - 08Mm,CT_26,DISPOSABLE PACKAGING - BEVERAGES - STRAW,-,DISPOSABLE TAKE AWAY PACKAGING,PCS,0.65,-,0.65,2000,234,1300,1534,-,18-02-2026,2000,234,1300,1534,-,52,18-02-2026,2000,234,1300,1534,-,No,0,0.00,0,0,0,0,Received,
Warehouse Mumbai,Coffee Island Eros Churchgate - Mumbai,Coffee Island Eros Churchgate - Main Store,17-02-2026,18-02-2026,IN42,Received,PKG0000021,,Disposable - Straw - 12Mm,CT_26,DISPOSABLE PACKAGING - BEVERAGES - STRAW,-,DISPOSABLE TAKE AWAY PACKAGING,PCS,1,-,1,700,126,700,826,-,18-02-2026,700,126,700,826,-,52,18-02-2026,700,126,700,826,-,No,0,0.00,0,0,0,0,Received,
Warehouse Mumbai,Coffee Island Eros Churchgate - Mumbai,Coffee Island Eros Churchgate - Main Store,17-02-2026,18-02-2026,IN42,Received,PKG0000032,,Disposable - Tissue Paper,CT_31,DISPOSABLE PACKAGING - TISSUE PAPER,-,DISPOSABLE TAKE AWAY PACKAGING,PKT(100PCS),39,-,39,124,870.48,4836,5706.48,-,18-02-2026,124,870.48,4836,5706.48,-,52,18-02-2026,124,870.48,4836,5706.48,-,No,0,0.00,0,0,0,0,Received,
Warehouse Mumbai,Coffee Island Eros Churchgate - Mumbai,Coffee Island Eros Churchgate - Main Store,17-02-2026,18-02-2026,IN42,Received,PKG0000024,,Food Wrapping Paper - Ci,CT_28,DISPOSABLE PACKAGING - BUTTER WRAPPING SHEETS,-,DISPOSABLE TAKE AWAY PACKAGING,PCS,1.1,-,1.1,500,99,550,649,-,18-02-2026,500,99,550,649,-,52,18-02-2026,500,99,550,649,-,No,0,0.00,0,0,0,0,Received,
Warehouse Mumbai,Coffee Island Eros Churchgate - Mumbai,Coffee Island Eros Churchgate - Main Store,17-02-2026,18-02-2026,IN42,Received,RAW0000175,,Kala Khatta Syrup 750 ML,CT_49,RM BEVERAGES - SYRUP/SAUCE,-,RAW MATERIAL,BTL(750ML/983GM),407.55,-,407.55,1,20.38,407.55,427.93,-,18-02-2026,1,20.38,407.55,427.93,-,52,18-02-2026,1,20.38,407.55,427.93,-,No,0,0.00,0,0,0,0,Received,
Warehouse Mumbai,Coffee Island Eros Churchgate - Mumbai,Coffee Island Eros Churchgate - Main Store,17-02-2026,18-02-2026,IN42,Received,PKG0000031,,Kitchen Roll 1 Kg,CT_30,DISPOSABLE PACKAGING - KITCHEN ROLL,-,DISPOSABLE TAKE AWAY PACKAGING,PCS..,115,-,115,10,207,1150,1357,-,18-02-2026,10,207,1150,1357,-,52,18-02-2026,10,207,1150,1357,-,No,0,0.00,0,0,0,0,Received,
Warehouse Mumbai,Coffee Island Eros Churchgate - Mumbai,Coffee Island Eros Churchgate - Main Store,17-02-2026,18-02-2026,IN42,Received,PKG0000030,,Lid For 1000 Ml Container,CT_29,DISPOSABLE PACKAGING - FOOD - FOOD BOX,-,DISPOSABLE TAKE AWAY PACKAGING,PCS,2.75,-,2.75,200,99,550,649,-,18-02-2026,200,99,550,649,-,52,18-02-2026,200,99,550,649,-,No,0,0.00,0,0,0,0,Received,
Warehouse Mumbai,Coffee Island Eros Churchgate - Mumbai,Coffee Island Eros Churchgate - Main Store,17-02-2026,18-02-2026,IN42,Received,PKG0000015,,Plastic Transparent Bowl,CT_25,DISPOSABLE PACKAGING - BEVERAGES - CUPS,-,DISPOSABLE TAKE AWAY PACKAGING,PCS,7.41,-,7.41,200,266.76,1482,1748.76,-,18-02-2026,200,266.76,1482,1748.76,-,52,18-02-2026,200,266.76,1482,1748.76,-,No,0,0.00,0,0,0,0,Received,
Warehouse Mumbai,Coffee Island Eros Churchgate - Mumbai,Coffee Island Eros Churchgate - Main Store,17-02-2026,18-02-2026,IN42,Received,RAW0000045,18061000,Sauce - Chocolate,CT_49,RM BEVERAGES - SYRUP/SAUCE,-,RAW MATERIAL,BTL(1L/1300GM),170,-,170,1,8.5,170,178.5,-,18-02-2026,1,8.5,170,178.5,-,52,18-02-2026,1,8.5,170,178.5,-,No,0,0.00,0,0,0,0,Received,
Warehouse Mumbai,Coffee Island Eros Churchgate - Mumbai,Coffee Island Eros Churchgate - Main Store,17-02-2026,18-02-2026,IN42,Received,RAW0000170,,Strawberry Syrup 750 Ml,CT_49,RM BEVERAGES - SYRUP/SAUCE,-,RAW MATERIAL,BTL(750ML/983GM),407.55,-,407.55,1,20.38,407.55,427.93,-,18-02-2026,1,20.38,407.55,427.93,-,52,18-02-2026,1,20.38,407.55,427.93,-,No,0,0.00,0,0,0,0,Received,
Warehouse Mumbai,Coffee Island Eros Churchgate - Mumbai,Coffee Island Eros Churchgate - Main Store,17-02-2026,18-02-2026,IN42,Received,RAW0000050,,Syrup - Brown Butter,CT_49,RM BEVERAGES - SYRUP/SAUCE,-,RAW MATERIAL,BTL(700ML/910GM),560,-,560,2,56,1120,1176,-,18-02-2026,2,56,1120,1176,-,52,18-02-2026,2,56,1120,1176,-,No,0,0.00,0,0,0,0,Received,
Warehouse Mumbai,Coffee Island Eros Churchgate - Mumbai,Coffee Island Eros Churchgate - Main Store,17-02-2026,18-02-2026,IN42,Received,RAW0000047,,Syrup- Roasted Hazelnut,CT_49,RM BEVERAGES - SYRUP/SAUCE,-,RAW MATERIAL,BTL(1L/1300GM),640,-,640,2,64,1280,1344,-,18-02-2026,2,64,1280,1344,-,52,18-02-2026,2,64,1280,1344,-,No,0,0.00,0,0,0,0,Received,
Warehouse Mumbai,Coffee Island Eros Churchgate - Mumbai,Coffee Island Eros Churchgate - Main Store,17-02-2026,18-02-2026,IN42,Received,PKG0000033,,Tray Mat CI DJS,CT_32,DISPOSABLE PACKAGING - TRAY MATS,-,DISPOSABLE TAKE AWAY PACKAGING,SHT,1.35,-,1.35,1000,67.5,1350,1417.5,-,18-02-2026,1000,67.5,1350,1417.5,-,52,18-02-2026,1000,67.5,1350,1417.5,-,No,0,0.00,0,0,0,0,Received,
Warehouse Mumbai,Coffee Island Eros Churchgate - Mumbai,Coffee Island Eros Churchgate - Main Store,17-02-2026,18-02-2026,IN42,Received,PKG0000008,,Yellow Carry Bag Large - Ci,CT_21,DISPOSABLE PACKAGING - ACCESSORIES - CARRY BAG,-,DISPOSABLE TAKE AWAY PACKAGING,PCS,10.2,-,10.2,500,918,5100,6018,-,18-02-2026,500,918,5100,6018,-,52,18-02-2026,500,918,5100,6018,-,No,0,0.00,0,0,0,0,Received,
Warehouse Mumbai,Coffee Island Eros Churchgate - Mumbai,Coffee Island Eros Churchgate - Main Store,17-02-2026,18-02-2026,IN42,Received,PKG0000007,,Yellow Carry Bag Medium - Ci,CT_21,DISPOSABLE PACKAGING - ACCESSORIES - CARRY BAG,-,DISPOSABLE TAKE AWAY PACKAGING,PCS,8.61,-,8.61,200,309.96,1722,2031.96,-,18-02-2026,200,309.96,1722,2031.96,-,52,18-02-2026,200,309.96,1722,2031.96,-,No,0,0.00,0,0,0,0,Received,
Warehouse Mumbai,Coffee Island Eros Churchgate - Mumbai,Coffee Island Eros Churchgate - Main Store,17-02-2026,18-02-2026,IN42,Received,PKG0000006,,Yellow Carry Bag Small - Ci,CT_21,DISPOSABLE PACKAGING - ACCESSORIES - CARRY BAG,-,DISPOSABLE TAKE AWAY PACKAGING,PCS,6.9,-,6.9,1000,1242,6900,8142,-,18-02-2026,1000,1242,6900,8142,-,52,18-02-2026,1000,1242,6900,8142,-,No,0,0.00,0,0,0,0,Received,
Warehouse Mumbai,Coffee Island Phoenix Market City - Mumbai,Coffee Island Phoenix Market City - Main Store,17-02-2026,18-02-2026,IN17,Received,RAW0000005,,Beans - Ethiopian Single Estate,CT_43,RM BEVERAGES - BEANS,-,RAW MATERIAL,KG,3013.33,-,3013.33,1,150.67,3013.33,3164,-,18-02-2026,1,150.67,3013.33,3164,-,51,20-02-2026,1,150.67,3013.33,3164,-,No,0,0.00,0,0,0,0,Received,
Warehouse Mumbai,Coffee Island Phoenix Market City - Mumbai,Coffee Island Phoenix Market City - Main Store,17-02-2026,18-02-2026,IN17,Received,RAW0000001,,Beans - Master Blend,CT_43,RM BEVERAGES - BEANS,-,RAW MATERIAL,KG,798.33,-,798.33,2,79.83,1596.66,1676.49,-,18-02-2026,2,79.83,1596.66,1676.49,-,51,20-02-2026,2,79.83,1596.66,1676.49,-,No,0,0.00,0,0,0,0,Received,
Warehouse Mumbai,Coffee Island Phoenix Market City - Mumbai,Coffee Island Phoenix Market City - Main Store,17-02-2026,18-02-2026,IN17,Received,RAW0000002,09011111,Beans - Volcano Blend,CT_43,RM BEVERAGES - BEANS,-,RAW MATERIAL,KG,812.4,-,812.4,15,609.3,12186,12795.3,-,18-02-2026,15,609.3,12186,12795.3,-,51,20-02-2026,15,609.3,12186,12795.3,-,No,0,0.00,0,0,0,0,Received,
Warehouse Mumbai,Coffee Island Phoenix Market City - Mumbai,Coffee Island Phoenix Market City - Main Store,17-02-2026,18-02-2026,IN17,Received,PKG0000016,39239020,Disposable - Lid (Cold) 12Oz - Dome,CT_23,DISPOSABLE PACKAGING - BEVERAGES - LIDS,-,DISPOSABLE TAKE AWAY PACKAGING,PCS,1.5,-,1.5,300,81,450,531,-,18-02-2026,300,81,450,531,-,51,20-02-2026,300,81,450,531,-,No,0,0.00,0,0,0,0,Received,
Warehouse Mumbai,Coffee Island Phoenix Market City - Mumbai,Coffee Island Phoenix Market City - Main Store,17-02-2026,18-02-2026,IN17,Received,PKG0000018,39239020,Disposable - Lid (Hot) 08Oz,CT_23,DISPOSABLE PACKAGING - BEVERAGES - LIDS,-,DISPOSABLE TAKE AWAY PACKAGING,PCS,2.4,-,2.4,200,86.4,480,566.4,-,18-02-2026,200,86.4,480,566.4,-,51,20-02-2026,200,86.4,480,566.4,-,No,0,0.00,0,0,0,0,Received,
Warehouse Mumbai,Coffee Island Phoenix Market City - Mumbai,Coffee Island Phoenix Market City - Main Store,17-02-2026,18-02-2026,IN17,Received,PKG0000012,48236900,Disposable - Paper Cup 08Oz,CT_25,DISPOSABLE PACKAGING - BEVERAGES - CUPS,-,DISPOSABLE TAKE AWAY PACKAGING,PCS,2.88,-,2.88,300,155.52,864,1019.52,-,18-02-2026,300,155.52,864,1019.52,-,51,20-02-2026,300,155.52,864,1019.52,-,No,0,0.00,0,0,0,0,Received,
Warehouse Mumbai,Coffee Island Phoenix Market City - Mumbai,Coffee Island Phoenix Market City - Main Store,17-02-2026,18-02-2026,IN17,Received,PKG0000013,,Disposable - Paper Cup 12Oz,CT_25,DISPOSABLE PACKAGING - BEVERAGES - CUPS,-,DISPOSABLE TAKE AWAY PACKAGING,PCS,4.65,-,4.65,500,418.5,2325,2743.5,-,18-02-2026,500,418.5,2325,2743.5,-,51,20-02-2026,500,418.5,2325,2743.5,-,No,0,0.00,0,0,0,0,Received,
Warehouse Mumbai,Coffee Island Phoenix Market City - Mumbai,Coffee Island Phoenix Market City - Main Store,17-02-2026,18-02-2026,IN17,Received,PKG0000023,44190010,Disposable - Stirrer,CT_27,DISPOSABLE PACKAGING - BEVERAGES - WOODEN STIRRER,-,DISPOSABLE TAKE AWAY PACKAGING,PCS..,0.11,-,0.11,2000,11,220,231,-,18-02-2026,2000,11,219.99999999999997,231,-,51,20-02-2026,2000,11,220,231,-,No,0,0.00,0,0,0,0,Received,
Warehouse Mumbai,Coffee Island Phoenix Market City - Mumbai,Coffee Island Phoenix Market City - Main Store,17-02-2026,18-02-2026,IN17,Received,PKG0000020,39269099,Disposable - Straw - 08Mm,CT_26,DISPOSABLE PACKAGING - BEVERAGES - STRAW,-,DISPOSABLE TAKE AWAY PACKAGING,PCS,0.65,-,0.65,500,58.5,325,383.5,-,18-02-2026,500,58.5,325,383.5,-,51,20-02-2026,500,58.5,325,383.5,-,No,0,0.00,0,0,0,0,Received,
Warehouse Mumbai,Coffee Island Phoenix Market City - Mumbai,Coffee Island Phoenix Market City - Main Store,17-02-2026,18-02-2026,IN17,Received,PKG0000021,,Disposable - Straw - 12Mm,CT_26,DISPOSABLE PACKAGING - BEVERAGES - STRAW,-,DISPOSABLE TAKE AWAY PACKAGING,PCS,1,-,1,300,54,300,354,-,18-02-2026,300,54,300,354,-,51,20-02-2026,300,54,300,354,-,No,0,0.00,0,0,0,0,Received,
Warehouse Mumbai,Coffee Island Phoenix Market City - Mumbai,Coffee Island Phoenix Market City - Main Store,17-02-2026,18-02-2026,IN17,Received,PKG0000002,82159900,Disposable - Wooden Fork,CT_19,DISPOSABLE CUTLERY - WOODEN FORK,-,DISPOSABLE TAKE AWAY PACKAGING,PCS,0.65,-,0.65,300,23.4,195,218.4,-,18-02-2026,300,23.4,195,218.4,-,51,20-02-2026,300,23.4,195,218.4,-,No,0,0.00,0,0,0,0,Received,
Warehouse Mumbai,Coffee Island Phoenix Market City - Mumbai,Coffee Island Phoenix Market City - Main Store,17-02-2026,18-02-2026,IN17,Received,PKG0000004,82159900,Disposable - Wooden Spoon,CT_20,DISPOSABLE CUTLERY - WOODEN SPOON,-,DISPOSABLE TAKE AWAY PACKAGING,PCS,0.65,-,0.65,1000,32.5,650,682.5,-,18-02-2026,1000,32.5,650,682.5,-,51,20-02-2026,1000,32.5,650,682.5,-,No,0,0.00,0,0,0,0,Received,
Warehouse Mumbai,Coffee Island Phoenix Market City - Mumbai,Coffee Island Phoenix Market City - Main Store,17-02-2026,18-02-2026,IN17,Received,PKG0000024,,Food Wrapping Paper - Ci,CT_28,DISPOSABLE PACKAGING - BUTTER WRAPPING SHEETS,-,DISPOSABLE TAKE AWAY PACKAGING,PCS,1.1,-,1.1,500,99,550,649,-,18-02-2026,500,99,550,649,-,51,20-02-2026,500,99,550,649,-,No,0,0.00,0,0,0,0,Received,
Warehouse Mumbai,Coffee Island Phoenix Market City - Mumbai,Coffee Island Phoenix Market City - Main Store,17-02-2026,18-02-2026,IN17,Received,RAW0000146,,Peach Garden Syrup 750ML,CT_49,RM BEVERAGES - SYRUP/SAUCE,-,RAW MATERIAL,BTL(750ML/983GM),407.55,-,407.55,2,40.76,815.1,855.86,-,18-02-2026,2,40.76,815.1,855.86,-,51,20-02-2026,2,40.76,815.1,855.86,-,No,0,0.00,0,0,0,0,Received,
Warehouse Mumbai,Coffee Island Phoenix Market City - Mumbai,Coffee Island Phoenix Market City - Main Store,17-02-2026,18-02-2026,IN17,Received,PKG0000015,,Plastic Transparent Bowl,CT_25,DISPOSABLE PACKAGING - BEVERAGES - CUPS,-,DISPOSABLE TAKE AWAY PACKAGING,PCS,7.41,-,7.41,100,133.38,741,874.38,-,18-02-2026,100,133.38,741,874.38,-,51,20-02-2026,100,133.38,741,874.38,-,No,0,0.00,0,0,0,0,Received,
Warehouse Mumbai,Coffee Island Phoenix Market City - Mumbai,Coffee Island Phoenix Market City - Main Store,17-02-2026,18-02-2026,IN17,Received,RAW0000045,18061000,Sauce - Chocolate,CT_49,RM BEVERAGES - SYRUP/SAUCE,-,RAW MATERIAL,BTL(1L/1300GM),170,-,170,2,17,340,357,-,18-02-2026,2,17,340,357,-,51,20-02-2026,2,17,340,357,-,No,0,0.00,0,0,0,0,Received,
Warehouse Mumbai,Coffee Island Beyond R City,Coffee Island R City Main Store,26-02-2026,27-02-2026,IN7,Received,CNC0000033,,CI Whisky Glass for 100 ML Cork Bottle,CT_17,GLASSWARE,-,CROCKERY & CUTLERY,PCS,165.24,-,165.24,12,99.14,1982.86,2082,-,26-02-2026,12,99.14,1982.8628571428574,2082,-,53,27-02-2026,12,99.14,1982.86,2082,-,No,0,0.00,0,0,0,0,Received,
Warehouse Mumbai,Coffee Island Beyond R City,Coffee Island R City Main Store,26-02-2026,27-02-2026,IN7,Received,RAW0000175,,Kala Khatta Syrup 750 ML,CT_49,RM BEVERAGES - SYRUP/SAUCE,-,RAW MATERIAL,BTL(750ML/983GM),407.55,-,407.55,1,20.38,407.55,427.93,-,26-02-2026,1,20.38,407.55,427.93,-,53,27-02-2026,1,20.38,407.55,427.93,-,No,0,0.00,0,0,0,0,Received,
Warehouse Mumbai,Coffee Island Beyond R City,Coffee Island R City Main Store,26-02-2026,27-02-2026,IN7,Received,RAW0000170,,Strawberry Syrup 750 Ml,CT_49,RM BEVERAGES - SYRUP/SAUCE,-,RAW MATERIAL,BTL(750ML/983GM),407.55,-,407.55,1,20.38,407.55,427.93,-,26-02-2026,1,20.38,407.55,427.93,-,53,27-02-2026,1,20.38,407.55,427.93,-,No,0,0.00,0,0,0,0,Received,
Warehouse Mumbai,Coffee Island Eros Churchgate - Mumbai,Coffee Island Eros Churchgate - Main Store,05-03-2026,06-03-2026,IN43,Received,RAW0000005,,Beans - Ethiopian Single Estate,CT_43,RM BEVERAGES - BEANS,-,RAW MATERIAL,KG,3013.33,-,3013.33,3,452,9039.99,9491.99,-,05-03-2026,3,452,9039.99,9491.99,-,55,05-03-2026,3,452,9039.99,9491.99,-,No,0,0.00,0,0,0,0,Received,
Warehouse Mumbai,Coffee Island Eros Churchgate - Mumbai,Coffee Island Eros Churchgate - Main Store,05-03-2026,06-03-2026,IN43,Received,RAW0000003,,Beans - Kenya Blend,CT_43,RM BEVERAGES - BEANS,-,RAW MATERIAL,KG,1093.33,-,1093.33,2,109.33,2186.66,2295.99,-,05-03-2026,2,109.33,2186.66,2295.99,-,55,05-03-2026,2,109.33,2186.66,2295.99,-,No,0,0.00,0,0,0,0,Received,
Warehouse Mumbai,Coffee Island Eros Churchgate - Mumbai,Coffee Island Eros Churchgate - Main Store,05-03-2026,06-03-2026,IN43,Received,RET0000043,,Chocolate Almond - 40 Gms,CT_68,RTE - SNACKS,-,RETAIL,PCS..,50.34,-,50.34,10,90.61,503.4,594.01,-,05-03-2026,10,90.61,503.40000000000003,594.01,-,55,05-03-2026,10,90.61,503.4,594.01,-,No,0,0.00,0,0,0,0,Received,
Warehouse Mumbai,Coffee Island Eros Churchgate - Mumbai,Coffee Island Eros Churchgate - Main Store,05-03-2026,06-03-2026,IN43,Received,PKG0000013,,Disposable - Paper Cup 12Oz,CT_25,DISPOSABLE PACKAGING - BEVERAGES - CUPS,-,DISPOSABLE TAKE AWAY PACKAGING,PCS,4.65,-,4.65,200,167.4,930,1097.4,-,05-03-2026,200,167.4,930.0000000000001,1097.4,-,55,05-03-2026,200,167.4,930,1097.4,-,No,0,0.00,0,0,0,0,Received,
Warehouse Mumbai,Coffee Island Eros Churchgate - Mumbai,Coffee Island Eros Churchgate - Main Store,05-03-2026,06-03-2026,IN43,Received,RAW0000175,,Kala Khatta Syrup 750 ML,CT_49,RM BEVERAGES - SYRUP/SAUCE,-,RAW MATERIAL,BTL(750ML/983GM),407.55,-,407.55,1,20.38,407.55,427.93,-,05-03-2026,1,20.38,407.55,427.93,-,55,05-03-2026,1,20.38,407.55,427.93,-,No,0,0.00,0,0,0,0,Received,
Warehouse Mumbai,Coffee Island Eros Churchgate - Mumbai,Coffee Island Eros Churchgate - Main Store,05-03-2026,06-03-2026,IN43,Received,RET0000047,,Masala Almond - 40 Gms,CT_68,RTE - SNACKS,-,RETAIL,PCS,53.04,-,53.04,20,127.3,1060.8,1188.1,-,05-03-2026,20,127.3,1060.8,1188.1,-,55,05-03-2026,20,127.3,1060.8,1188.1,-,No,0,0.00,0,0,0,0,Received,
Warehouse Mumbai,Coffee Island Eros Churchgate - Mumbai,Coffee Island Eros Churchgate - Main Store,05-03-2026,06-03-2026,IN43,Received,RET0000041,,The Ultimate Trail Mix - 70 Gms,CT_68,RTE - SNACKS,-,RETAIL,PCS..,69.11,-,69.11,17,140.98,1174.87,1315.85,-,05-03-2026,17,140.98,1174.87,1315.85,-,55,05-03-2026,17,140.98,1174.87,1315.85,-,No,0,0.00,0,0,0,0,Received,
Warehouse Mumbai,Coffee Island Phoenix Market City - Mumbai,Coffee Island Phoenix Market City - Main Store,05-03-2026,06-03-2026,IN18,Received,RAW0000025,21069050,Chocolate Powder - Hot,CT_48,RM BEVERAGES - POWDERS,-,RAW MATERIAL,KG,525,-,525,3,78.75,1575,1653.75,-,05-03-2026,3,78.75,1575,1653.75,-,54,06-03-2026,3,78.75,1575,1653.75,-,No,0,0.00,0,0,0,0,Received,
Warehouse Mumbai,Coffee Island Phoenix Market City - Mumbai,Coffee Island Phoenix Market City - Main Store,05-03-2026,06-03-2026,IN18,Received,PKG0000020,39269099,Disposable - Straw - 08Mm,CT_26,DISPOSABLE PACKAGING - BEVERAGES - STRAW,-,DISPOSABLE TAKE AWAY PACKAGING,PCS,0.65,-,0.65,600,70.2,390,460.2,-,05-03-2026,600,70.2,390,460.2,-,54,06-03-2026,600,70.2,390,460.2,-,No,0,0.00,0,0,0,0,Received,
Warehouse Mumbai,Coffee Island Phoenix Market City - Mumbai,Coffee Island Phoenix Market City - Main Store,05-03-2026,06-03-2026,IN18,Received,PKG0000032,,Disposable - Tissue Paper,CT_31,DISPOSABLE PACKAGING - TISSUE PAPER,-,DISPOSABLE TAKE AWAY PACKAGING,PKT(100PCS),39,-,39,10,70.2,390,460.2,1 PKT(100 Pcs),05-03-2026,10,70.2,390,460.2,-,54,06-03-2026,10,70.2,390,460.2,-,No,0,0.00,0,0,0,0,Received,
Warehouse Mumbai,Coffee Island Phoenix Market City - Mumbai,Coffee Island Phoenix Market City - Main Store,05-03-2026,06-03-2026,IN18,Received,PKG0000002,82159900,Disposable - Wooden Fork,CT_19,DISPOSABLE CUTLERY - WOODEN FORK,-,DISPOSABLE TAKE AWAY PACKAGING,PCS,0.65,-,0.65,200,15.6,130,145.6,-,05-03-2026,200,15.6,130,145.6,-,54,06-03-2026,200,15.6,130,145.6,-,No,0,0.00,0,0,0,0,Received,
Warehouse Mumbai,Coffee Island Phoenix Market City - Mumbai,Coffee Island Phoenix Market City - Main Store,05-03-2026,06-03-2026,IN18,Received,UNI0000010,,Royal Blue Shirt F/S With Chinese Colour CI- Mens Medium,CT_82,UNIFORM - SHIRT/T SHIRT,-,UNIFORM,PCS..,440,-,440,2,44,880,924,-,05-03-2026,2,44,880,924,-,54,06-03-2026,2,44,880,924,-,No,0,0.00,0,0,0,0,Received,
Warehouse Mumbai,Coffee Island Phoenix Market City - Mumbai,Coffee Island Phoenix Market City - Main Store,05-03-2026,06-03-2026,IN18,Received,RAW0000170,,Strawberry Syrup 750 Ml,CT_49,RM BEVERAGES - SYRUP/SAUCE,-,RAW MATERIAL,BTL(750ML/983GM),407.55,-,407.55,1,20.38,407.55,427.93,-,05-03-2026,1,20.38,407.55,427.93,-,54,06-03-2026,1,20.38,407.55,427.93,-,No,0,0.00,0,0,0,0,Received,
Warehouse Mumbai,Coffee Island Beyond R City,Coffee Island R City Main Store,06-03-2026,07-03-2026,IN8,Received,RAW0000004,,Beans - Ethiopian Blend,CT_43,RM BEVERAGES - BEANS,-,RAW MATERIAL,KG,1063.33,-,1063.33,1,53.17,1063.33,1116.5,-,07-03-2026,1,53.17,1063.33,1116.5,-,58,08-03-2026,1,53.17,1063.33,1116.5,-,No,0,0.00,0,0,0,0,Received,
Warehouse Mumbai,Coffee Island Beyond R City,Coffee Island R City Main Store,06-03-2026,07-03-2026,IN8,Received,RAW0000025,21069050,Chocolate Powder - Hot,CT_48,RM BEVERAGES - POWDERS,-,RAW MATERIAL,KG,525,-,525,5,131.25,2625,2756.25,-,07-03-2026,5,131.25,2625,2756.25,-,58,08-03-2026,5,131.25,2625,2756.25,-,No,0,0.00,0,0,0,0,Received,
Warehouse Mumbai,Coffee Island Beyond R City,Coffee Island R City Main Store,06-03-2026,07-03-2026,IN8,Received,RET0000010,,Pack Of 30 Sachets Instant Coffee Classic,CT_59,INSTANT COFFEE - DRY,-,RETAIL,PCS..,160.47,-,160.47,20,577.69,3209.4,3787.09,-,07-03-2026,20,577.69,3209.4,3787.09,-,58,08-03-2026,20,577.69,3209.4,3787.09,-,No,0,0.00,0,0,0,0,Received,
Warehouse Mumbai,Coffee Island Beyond R City,Coffee Island R City Main Store,06-03-2026,07-03-2026,IN8,Received,RAW0000146,,Peach Garden Syrup 750ML,CT_49,RM BEVERAGES - SYRUP/SAUCE,-,RAW MATERIAL,BTL(750ML/983GM),407.55,-,407.55,3,61.13,1222.65,1283.78,-,07-03-2026,3,61.13,1222.65,1283.78,-,58,08-03-2026,3,61.13,1222.65,1283.78,-,No,0,0.00,0,0,0,0,Received,
Warehouse Mumbai,Coffee Island Phoenix Market City - Mumbai,Coffee Island Phoenix Market City - Main Store,06-03-2026,07-03-2026,IN19,Received,RET0000009,,Pack Of 30 Sachets Flavoured Instant Coffee,CT_59,INSTANT COFFEE - DRY,-,RETAIL,PCS..,145.34,-,145.34,20,523.22,2906.8,3430.02,-,07-03-2026,20,523.22,2906.8,3430.02,-,57,08-03-2026,20,523.22,2906.8,3430.02,-,No,0,0.00,0,0,0,0,Received,
Warehouse Mumbai,Coffee Island Phoenix Market City - Mumbai,Coffee Island Phoenix Market City - Main Store,06-03-2026,07-03-2026,IN19,Received,RET0000010,,Pack Of 30 Sachets Instant Coffee Classic,CT_59,INSTANT COFFEE - DRY,-,RETAIL,PCS..,160.47,-,160.47,40,1155.38,6418.8,7574.18,-,07-03-2026,40,1155.38,6418.8,7574.18,-,57,08-03-2026,40,1155.38,6418.8,7574.18,-,No,0,0.00,0,0,0,0,Received,
Warehouse Mumbai,Coffee Island Phoenix Market City - Mumbai,Coffee Island Phoenix Market City - Main Store,06-03-2026,07-03-2026,IN19,Received,UNI0000018,,Royal Blue Shirt F/S With Chinese Colour CI- Mens Large,CT_82,UNIFORM - SHIRT/T SHIRT,-,UNIFORM,PCS..,440,-,440,1,22,440,462,-,07-03-2026,1,22,440,462,-,57,08-03-2026,1,22,440,462,-,No,0,0.00,0,0,0,0,Received,
Warehouse Mumbai,Coffee Island Phoenix Market City - Mumbai,Coffee Island Phoenix Market City - Main Store,06-03-2026,07-03-2026,IN19,Received,RAW0000170,,Strawberry Syrup 750 Ml,CT_49,RM BEVERAGES - SYRUP/SAUCE,-,RAW MATERIAL,BTL(750ML/983GM),407.55,-,407.55,1,20.38,407.55,427.93,-,07-03-2026,1,20.38,407.55,427.93,-,57,08-03-2026,1,20.38,407.55,427.93,-,No,0,0.00,0,0,0,0,Received,
Warehouse Mumbai,Coffee Island Eros Churchgate - Mumbai,Coffee Island Eros Churchgate - Main Store,06-03-2026,07-03-2026,IN44,Received,RET0000009,,Pack Of 30 Sachets Flavoured Instant Coffee,CT_59,INSTANT COFFEE - DRY,-,RETAIL,PCS..,145.34,-,145.34,40,1046.45,5813.6,6860.05,-,07-03-2026,40,1046.45,5813.6,6860.05,-,56,10-03-2026,40,1046.45,5813.6,6860.05,-,No,0,0.00,0,0,0,0,Received,
Warehouse Mumbai,Coffee Island Eros Churchgate - Mumbai,Coffee Island Eros Churchgate - Main Store,06-03-2026,07-03-2026,IN44,Received,RET0000010,,Pack Of 30 Sachets Instant Coffee Classic,CT_59,INSTANT COFFEE - DRY,-,RETAIL,PCS..,160.47,-,160.47,80,2310.77,12837.6,15148.37,-,07-03-2026,80,2310.77,12837.6,15148.37,-,56,10-03-2026,80,2310.77,12837.6,15148.37,-,No,0,0.00,0,0,0,0,Received,
Warehouse Mumbai,Coffee Island - Amanora Mall,Coffee Island - Amanora Mall - Main Store,09-03-2026,10-03-2026,IN35,Partial Supplied,UNI0000004,,Apron With Ci Logo,CT_80,UNIFORM - APRON,-,UNIFORM,PCS..,300,-,300,1,15,300,315,-,09-03-2026,1,15,300,315,-,59,-,0,-,0.00,0,-,No,0,0.00,0,0,0,0,Supplied,
Warehouse Mumbai,Coffee Island - Amanora Mall,Coffee Island - Amanora Mall - Main Store,09-03-2026,10-03-2026,IN35,Partial Supplied,RAW0000004,,Beans - Ethiopian Blend,CT_43,RM BEVERAGES - BEANS,-,RAW MATERIAL,KG,1063.33,-,1063.33,3,159.499,3189.99,3349.49,-,09-03-2026,3,159.5,3189.99,3349.49,-,59,-,0,-,0.00,0,-,No,0,0.00,0,0,0,0,Supplied,
Warehouse Mumbai,Coffee Island - Amanora Mall,Coffee Island - Amanora Mall - Main Store,09-03-2026,10-03-2026,IN35,Partial Supplied,RAW0000005,,Beans - Ethiopian Single Estate,CT_43,RM BEVERAGES - BEANS,-,RAW MATERIAL,KG,3013.33,-,3013.33,1,150.666,3013.33,3164,-,09-03-2026,1,150.67,3013.33,3164,-,59,-,0,-,0.00,0,-,No,0,0.00,0,0,0,0,Supplied,
Warehouse Mumbai,Coffee Island - Amanora Mall,Coffee Island - Amanora Mall - Main Store,09-03-2026,10-03-2026,IN35,Partial Supplied,RAW0000003,,Beans - Kenya Blend,CT_43,RM BEVERAGES - BEANS,-,RAW MATERIAL,KG,1093.33,-,1093.33,2,109.333,2186.66,2295.99,-,09-03-2026,2,109.33,2186.66,2295.99,-,59,-,0,-,0.00,0,-,No,0,0.00,0,0,0,0,Supplied,
Warehouse Mumbai,Coffee Island - Amanora Mall,Coffee Island - Amanora Mall - Main Store,09-03-2026,10-03-2026,IN35,Partial Supplied,RAW0000006,,Beans - Kenya Single Estate,CT_43,RM BEVERAGES - BEANS,-,RAW MATERIAL,KG,3463.33,-,3463.33,2,346.333,6926.66,7272.99,-,09-03-2026,2,346.33,6926.66,7272.99,-,59,-,0,-,0.00,0,-,No,0,0.00,0,0,0,0,Supplied,
Warehouse Mumbai,Coffee Island - Amanora Mall,Coffee Island - Amanora Mall - Main Store,09-03-2026,10-03-2026,IN35,Partial Supplied,RAW0000001,,Beans - Master Blend,CT_43,RM BEVERAGES - BEANS,-,RAW MATERIAL,KG,798.33,-,798.33,3,119.75,2394.99,2514.74,-,09-03-2026,3,119.75,2394.9900000000002,2514.74,-,59,-,0,-,0.00,0,-,No,0,0.00,0,0,0,0,Supplied,
Warehouse Mumbai,Coffee Island - Amanora Mall,Coffee Island - Amanora Mall - Main Store,09-03-2026,10-03-2026,IN35,Partial Supplied,RAW0000002,09011111,Beans - Volcano Blend,CT_43,RM BEVERAGES - BEANS,-,RAW MATERIAL,KG,812.4,-,812.4,40,1624.8,32496,34120.8,-,09-03-2026,40,1624.8,32496,34120.8,-,59,-,0,-,0.00,0,-,No,0,0.00,0,0,0,0,Supplied,
Warehouse Mumbai,Coffee Island - Amanora Mall,Coffee Island - Amanora Mall - Main Store,09-03-2026,10-03-2026,IN35,Partial Supplied,RAW0000034,,Chocolate Powder - 0% Sugar,CT_48,RM BEVERAGES - POWDERS,-,RAW MATERIAL,KG,550,-,550,1,27.5,550,577.5,-,09-03-2026,1,27.5,550,577.5,-,59,-,0,-,0.00,0,-,No,0,0.00,0,0,0,0,Supplied,
Warehouse Mumbai,Coffee Island - Amanora Mall,Coffee Island - Amanora Mall - Main Store,09-03-2026,10-03-2026,IN35,Partial Supplied,RAW0000025,21069050,Chocolate Powder - Hot,CT_48,RM BEVERAGES - POWDERS,-,RAW MATERIAL,KG,525,-,525,10,262.5,5250,5512.5,-,09-03-2026,10,262.5,5250,5512.5,-,59,-,0,-,0.00,0,-,No,0,0.00,0,0,0,0,Supplied,
Warehouse Mumbai,Coffee Island - Amanora Mall,Coffee Island - Amanora Mall - Main Store,09-03-2026,10-03-2026,IN35,Partial Supplied,RET0000078,,CI 500 ML Water Bottle - Blue,CT_69,SIPPERS/BOTTLES,-,RETAIL,PCS,233.05,-,233.05,1,41.949,233.05,275,-,09-03-2026,0,-,0,0,-,,-,0,-,0.00,0,-,No,0,0.00,0,0,0,0,Requested,
Warehouse Mumbai,Coffee Island - Amanora Mall,Coffee Island - Amanora Mall - Main Store,09-03-2026,10-03-2026,IN35,Partial Supplied,CNC0000025,,CI Spanish Bom Bom Glass - BR-4010,CT_17,GLASSWARE,-,CROCKERY & CUTLERY,PCS,365,-,365,6,394.2,2190,2584.2,-,09-03-2026,6,394.2,2190,2584.2,-,59,-,0,-,0.00,0,-,No,0,0.00,0,0,0,0,Supplied,
Warehouse Mumbai,Coffee Island - Amanora Mall,Coffee Island - Amanora Mall - Main Store,09-03-2026,10-03-2026,IN35,Partial Supplied,CNC0000033,,CI Whisky Glass for 100 ML Cork Bottle,CT_17,GLASSWARE,-,CROCKERY & CUTLERY,PCS,165.24,-,165.24,12,99.143,1982.86,2082.01,-,09-03-2026,12,99.14,1982.8628571428574,2082,-,59,-,0,-,0.00,0,-,No,0,0.00,0,0,0,0,Supplied,
Warehouse Mumbai,Coffee Island - Amanora Mall,Coffee Island - Amanora Mall - Main Store,09-03-2026,10-03-2026,IN35,Partial Supplied,PKG0000034,,Coffee Island Bag Sealing Sticker,-,DISPOSABLE PACKAGING - ACCESSORIES - STICKERS,03,DISPOSABLE TAKE AWAY PACKAGING,PCS,1.25,-,1.25,2016,453.6,2520,2973.6,-,09-03-2026,2016,453.6,2520,2973.6,-,59,-,0,-,0.00,0,-,No,0,0.00,0,0,0,0,Supplied,
Warehouse Mumbai,Coffee Island - Amanora Mall,Coffee Island - Amanora Mall - Main Store,09-03-2026,10-03-2026,IN35,Partial Supplied,PKG0000035,,Coffee Island Coin Sticker,-,DISPOSABLE PACKAGING - ACCESSORIES - STICKERS,03,DISPOSABLE TAKE AWAY PACKAGING,PCS,0.23,-,0.23,500,20.7,115,135.7,-,09-03-2026,500,20.7,115,135.7,-,59,-,0,-,0.00,0,-,No,0,0.00,0,0,0,0,Supplied,
Warehouse Mumbai,Coffee Island - Amanora Mall,Coffee Island - Amanora Mall - Main Store,09-03-2026,10-03-2026,IN35,Partial Supplied,PKG0000036,,Coffee Island MRD Sticker,-,DISPOSABLE PACKAGING - ACCESSORIES - STICKERS,03,DISPOSABLE TAKE AWAY PACKAGING,PCS,0.35,-,0.35,500,31.5,175,206.5,-,09-03-2026,500,31.5,175,206.5,-,59,-,0,-,0.00,0,-,No,0,0.00,0,0,0,0,Supplied,
Warehouse Mumbai,Coffee Island - Amanora Mall,Coffee Island - Amanora Mall - Main Store,09-03-2026,10-03-2026,IN35,Partial Supplied,RAW0000043,,Coffee Powder - Coffeeccino,CT_48,RM BEVERAGES - POWDERS,-,RAW MATERIAL,KG,460,-,460,3,69,1380,1449,-,09-03-2026,3,69,1380,1449,-,59,-,0,-,0.00,0,-,No,0,0.00,0,0,0,0,Supplied,
Warehouse Mumbai,Coffee Island - Amanora Mall,Coffee Island - Amanora Mall - Main Store,09-03-2026,10-03-2026,IN35,Partial Supplied,RET0000011,,Cork Diary,CT_60,LIFESTYLE ACCESSORIES,-,RETAIL,PCS..,190,-,190,10,342,1900,2242,-,09-03-2026,10,342,1900,2242,-,59,-,0,-,0.00,0,-,No,0,0.00,0,0,0,0,Supplied,
Warehouse Mumbai,Coffee Island - Amanora Mall,Coffee Island - Amanora Mall - Main Store,09-03-2026,10-03-2026,IN35,Partial Supplied,PKG0000013,,Disposable - Paper Cup 12Oz,CT_25,DISPOSABLE PACKAGING - BEVERAGES - CUPS,-,DISPOSABLE TAKE AWAY PACKAGING,PCS,4.65,-,4.65,300,251.1,1395,1646.1,-,09-03-2026,300,251.1,1395,1646.1,-,59,-,0,-,0.00,0,-,No,0,0.00,0,0,0,0,Supplied,
Warehouse Mumbai,Coffee Island - Amanora Mall,Coffee Island - Amanora Mall - Main Store,09-03-2026,10-03-2026,IN35,Partial Supplied,PKG0000020,39269099,Disposable - Straw - 08Mm,CT_26,DISPOSABLE PACKAGING - BEVERAGES - STRAW,-,DISPOSABLE TAKE AWAY PACKAGING,PCS,0.65,-,0.65,2500,292.5,1625,1917.5,-,09-03-2026,2500,292.5,1625,1917.5,-,59,-,0,-,0.00,0,-,No,0,0.00,0,0,0,0,Supplied,
Warehouse Mumbai,Coffee Island - Amanora Mall,Coffee Island - Amanora Mall - Main Store,09-03-2026,10-03-2026,IN35,Partial Supplied,PKG0000021,,Disposable - Straw - 12Mm,CT_26,DISPOSABLE PACKAGING - BEVERAGES - STRAW,-,DISPOSABLE TAKE AWAY PACKAGING,PCS,1,-,1,1000,180,1000,1180,-,09-03-2026,1000,180,1000,1180,-,59,-,0,-,0.00,0,-,No,0,0.00,0,0,0,0,Supplied,
Warehouse Mumbai,Coffee Island - Amanora Mall,Coffee Island - Amanora Mall - Main Store,09-03-2026,10-03-2026,IN35,Partial Supplied,PKG0000032,,Disposable - Tissue Paper,CT_31,DISPOSABLE PACKAGING - TISSUE PAPER,-,DISPOSABLE TAKE AWAY PACKAGING,PKT(100PCS),39,-,39,50,351,1950,2301,-,09-03-2026,50,351,1950,2301,-,59,-,0,-,0.00,0,-,No,0,0.00,0,0,0,0,Supplied,
Warehouse Mumbai,Coffee Island - Amanora Mall,Coffee Island - Amanora Mall - Main Store,09-03-2026,10-03-2026,IN35,Partial Supplied,PKG0000024,,Food Wrapping Paper - Ci,CT_28,DISPOSABLE PACKAGING - BUTTER WRAPPING SHEETS,-,DISPOSABLE TAKE AWAY PACKAGING,PCS,1.1,-,1.1,2000,396,2200,2596,-,09-03-2026,2000,396,2200,2596,-,59,-,0,-,0.00,0,-,No,0,0.00,0,0,0,0,Supplied,
Warehouse Mumbai,Coffee Island - Amanora Mall,Coffee Island - Amanora Mall - Main Store,09-03-2026,10-03-2026,IN35,Partial Supplied,RAW0000145,090220,J1 Matcha Powder,CT_48,RM BEVERAGES - POWDERS,-,RAW MATERIAL,PCS(20GM),126,-,126,5,31.5,630,661.5,-,09-03-2026,5,31.5,630,661.5,-,59,-,0,-,0.00,0,-,No,0,0.00,0,0,0,0,Supplied,
Warehouse Mumbai,Coffee Island - Amanora Mall,Coffee Island - Amanora Mall - Main Store,09-03-2026,10-03-2026,IN35,Partial Supplied,RAW0000175,,Kala Khatta Syrup 750 ML,CT_49,RM BEVERAGES - SYRUP/SAUCE,-,RAW MATERIAL,BTL(750ML/983GM),407.55,-,407.55,3,61.133,1222.65,1283.78,-,09-03-2026,3,61.13,1222.65,1283.78,-,59,-,0,-,0.00,0,-,No,0,0.00,0,0,0,0,Supplied,
Warehouse Mumbai,Coffee Island - Amanora Mall,Coffee Island - Amanora Mall - Main Store,09-03-2026,10-03-2026,IN35,Partial Supplied,PKG0000031,,Kitchen Roll 1 Kg,CT_30,DISPOSABLE PACKAGING - KITCHEN ROLL,-,DISPOSABLE TAKE AWAY PACKAGING,PCS..,115,-,115,10,207,1150,1357,-,09-03-2026,10,207,1150,1357,-,59,-,0,-,0.00,0,-,No,0,0.00,0,0,0,0,Supplied,
Warehouse Mumbai,Coffee Island - Amanora Mall,Coffee Island - Amanora Mall - Main Store,09-03-2026,10-03-2026,IN35,Partial Supplied,RAW0000178,,Nimbu Masala Syrup 750ML,CT_49,RM BEVERAGES - SYRUP/SAUCE,-,RAW MATERIAL,BTL(750ML/983GM),380,-,380,1,19,380,399,-,09-03-2026,1,19,380,399,-,59,-,0,-,0.00,0,-,No,0,0.00,0,0,0,0,Supplied,
Warehouse Mumbai,Coffee Island - Amanora Mall,Coffee Island - Amanora Mall - Main Store,09-03-2026,10-03-2026,IN35,Partial Supplied,RAW0000177,,Orange Crush 1000ML,CT_49,RM BEVERAGES - SYRUP/SAUCE,-,RAW MATERIAL,BTL(1L/1200GM),245,-,245,2,24.5,490,514.5,-,09-03-2026,2,24.5,490,514.5,-,59,-,0,-,0.00,0,-,No,0,0.00,0,0,0,0,Supplied,
Warehouse Mumbai,Coffee Island - Amanora Mall,Coffee Island - Amanora Mall - Main Store,09-03-2026,10-03-2026,IN35,Partial Supplied,RET0000009,,Pack Of 30 Sachets Flavoured Instant Coffee,CT_59,INSTANT COFFEE - DRY,-,RETAIL,PCS..,145.34,-,145.34,20,523.224,2906.8,3430.02,-,09-03-2026,20,523.22,2906.8,3430.02,-,59,-,0,-,0.00,0,-,No,0,0.00,0,0,0,0,Supplied,
Warehouse Mumbai,Coffee Island - Amanora Mall,Coffee Island - Amanora Mall - Main Store,09-03-2026,10-03-2026,IN35,Partial Supplied,RET0000010,,Pack Of 30 Sachets Instant Coffee Classic,CT_59,INSTANT COFFEE - DRY,-,RETAIL,PCS..,160.47,-,160.47,80,2310.768,12837.6,15148.37,-,09-03-2026,80,2310.77,12837.6,15148.37,-,59,-,0,-,0.00,0,-,No,0,0.00,0,0,0,0,Supplied,
Warehouse Mumbai,Coffee Island - Amanora Mall,Coffee Island - Amanora Mall - Main Store,09-03-2026,10-03-2026,IN35,Partial Supplied,PKG0000015,,Plastic Transparent Bowl,CT_25,DISPOSABLE PACKAGING - BEVERAGES - CUPS,-,DISPOSABLE TAKE AWAY PACKAGING,PCS,7.41,-,7.41,200,266.76,1482,1748.76,-,09-03-2026,200,266.76,1482,1748.76,-,59,-,0,-,0.00,0,-,No,0,0.00,0,0,0,0,Supplied,
Warehouse Mumbai,Coffee Island - Amanora Mall,Coffee Island - Amanora Mall - Main Store,09-03-2026,10-03-2026,IN35,Partial Supplied,RET0000052,,Sipper - Cylindrical Long White,CT_69,SIPPERS/BOTTLES,-,RETAIL,PCS..,335,-,335,4,160.8,1340,1500.8,-,09-03-2026,4,160.8,1340,1500.8,-,59,-,0,-,0.00,0,-,No,0,0.00,0,0,0,0,Supplied,
Warehouse Mumbai,Coffee Island - Amanora Mall,Coffee Island - Amanora Mall - Main Store,09-03-2026,10-03-2026,IN35,Partial Supplied,RAW0000170,,Strawberry Syrup 750 Ml,CT_49,RM BEVERAGES - SYRUP/SAUCE,-,RAW MATERIAL,BTL(750ML/983GM),407.55,-,407.55,3,61.133,1222.65,1283.78,-,09-03-2026,3,61.13,1222.65,1283.78,-,59,-,0,-,0.00,0,-,No,0,0.00,0,0,0,0,Supplied,
Warehouse Mumbai,Coffee Island - Amanora Mall,Coffee Island - Amanora Mall - Main Store,09-03-2026,10-03-2026,IN35,Partial Supplied,PKG0000006,,Yellow Carry Bag Small - Ci,CT_21,DISPOSABLE PACKAGING - ACCESSORIES - CARRY BAG,-,DISPOSABLE TAKE AWAY PACKAGING,PCS,6.9,-,6.9,500,621,3450,4071,-,09-03-2026,500,621,3450,4071,-,59,-,0,-,0.00,0,-,No,0,0.00,0,0,0,0,Supplied,
Warehouse Mumbai,Coffee Island - Tribeca Pune,Coffee Island - Tribeca Pune - Main Store,09-03-2026,10-03-2026,IN26,Partial Received,UNI0000004,,Apron With Ci Logo,CT_80,UNIFORM - APRON,-,UNIFORM,PCS..,300,-,300,1,15,300,315,-,09-03-2026,1,15,300,315,-,60,11-03-2026,1,15,300,315,-,No,0,0.00,0,0,0,0,Received,
Warehouse Mumbai,Coffee Island - Tribeca Pune,Coffee Island - Tribeca Pune - Main Store,09-03-2026,10-03-2026,IN26,Partial Received,RAW0000004,,Beans - Ethiopian Blend,CT_43,RM BEVERAGES - BEANS,-,RAW MATERIAL,KG,1063.33,-,1063.33,2,106.33,2126.66,2232.99,-,09-03-2026,2,106.33,2126.66,2232.99,-,60,11-03-2026,2,106.33,2126.66,2232.99,-,No,0,0.00,0,0,0,0,Received,
Warehouse Mumbai,Coffee Island - Tribeca Pune,Coffee Island - Tribeca Pune - Main Store,09-03-2026,10-03-2026,IN26,Partial Received,RAW0000003,,Beans - Kenya Blend,CT_43,RM BEVERAGES - BEANS,-,RAW MATERIAL,KG,1093.33,-,1093.33,1,54.67,1093.33,1148,-,09-03-2026,1,54.67,1093.33,1148,-,60,11-03-2026,1,54.67,1093.33,1148,-,No,0,0.00,0,0,0,0,Received,
Warehouse Mumbai,Coffee Island - Tribeca Pune,Coffee Island - Tribeca Pune - Main Store,09-03-2026,10-03-2026,IN26,Partial Received,RAW0000006,,Beans - Kenya Single Estate,CT_43,RM BEVERAGES - BEANS,-,RAW MATERIAL,KG,3463.33,-,3463.33,1,173.17,3463.33,3636.5,-,09-03-2026,1,173.17,3463.33,3636.5,-,60,11-03-2026,1,173.17,3463.33,3636.5,-,No,0,0.00,0,0,0,0,Received,
Warehouse Mumbai,Coffee Island - Tribeca Pune,Coffee Island - Tribeca Pune - Main Store,09-03-2026,10-03-2026,IN26,Partial Received,RAW0000002,09011111,Beans - Volcano Blend,CT_43,RM BEVERAGES - BEANS,-,RAW MATERIAL,KG,812.4,-,812.4,25,1015.5,20310,21325.5,-,09-03-2026,25,1015.5,20310,21325.5,-,60,11-03-2026,25,1015.5,20310,21325.5,-,No,0,0.00,0,0,0,0,Received,
Warehouse Mumbai,Coffee Island - Tribeca Pune,Coffee Island - Tribeca Pune - Main Store,09-03-2026,10-03-2026,IN26,Partial Received,RAW0000025,21069050,Chocolate Powder - Hot,CT_48,RM BEVERAGES - POWDERS,-,RAW MATERIAL,KG,525,-,525,10,262.5,5250,5512.5,-,09-03-2026,10,262.5,5250,5512.5,-,60,11-03-2026,10,262.5,5250,5512.5,-,No,0,0.00,0,0,0,0,Received,
Warehouse Mumbai,Coffee Island - Tribeca Pune,Coffee Island - Tribeca Pune - Main Store,09-03-2026,10-03-2026,IN26,Partial Received,CNC0000033,,CI Whisky Glass for 100 ML Cork Bottle,CT_17,GLASSWARE,-,CROCKERY & CUTLERY,PCS,165.24,-,165.24,6,49.57,991.43,1041,-,09-03-2026,6,49.57,991.4314285714287,1041,-,60,11-03-2026,6,49.57,991.43,1041,-,No,0,0.00,0,0,0,0,Received,
Warehouse Mumbai,Coffee Island - Tribeca Pune,Coffee Island - Tribeca Pune - Main Store,09-03-2026,10-03-2026,IN26,Partial Received,PKG0000034,,Coffee Island Bag Sealing Sticker,-,DISPOSABLE PACKAGING - ACCESSORIES - STICKERS,03,DISPOSABLE TAKE AWAY PACKAGING,PCS,1.25,-,1.25,1008,226.8,1260,1486.8,-,09-03-2026,1008,226.8,1260,1486.8,-,60,11-03-2026,1008,226.8,1260,1486.8,-,No,0,0.00,0,0,0,0,Received,
Warehouse Mumbai,Coffee Island - Tribeca Pune,Coffee Island - Tribeca Pune - Main Store,09-03-2026,10-03-2026,IN26,Partial Received,PKG0000035,,Coffee Island Coin Sticker,-,DISPOSABLE PACKAGING - ACCESSORIES - STICKERS,03,DISPOSABLE TAKE AWAY PACKAGING,PCS,0.23,-,0.23,500,20.7,115,135.7,-,09-03-2026,500,20.7,115,135.7,-,60,11-03-2026,500,20.7,115,135.7,-,No,0,0.00,0,0,0,0,Received,
Warehouse Mumbai,Coffee Island - Tribeca Pune,Coffee Island - Tribeca Pune - Main Store,09-03-2026,10-03-2026,IN26,Partial Received,PKG0000037,,Coffee Island Milk Variant Sticker,-,DISPOSABLE PACKAGING - ACCESSORIES - STICKERS,03,DISPOSABLE TAKE AWAY PACKAGING,PCS,0.75,-,0.75,500,67.5,375,442.5,-,09-03-2026,0,-,0,0,-,,11-03-2026,0,-,0,0,-,No,0,0.00,0,0,0,0,Partial Received,
Warehouse Mumbai,Coffee Island - Tribeca Pune,Coffee Island - Tribeca Pune - Main Store,09-03-2026,10-03-2026,IN26,Partial Received,PKG0000036,,Coffee Island MRD Sticker,-,DISPOSABLE PACKAGING - ACCESSORIES - STICKERS,03,DISPOSABLE TAKE AWAY PACKAGING,PCS,0.35,-,0.35,500,31.5,175,206.5,-,09-03-2026,500,31.5,175,206.5,-,60,11-03-2026,500,31.5,175,206.5,-,No,0,0.00,0,0,0,0,Received,
Warehouse Mumbai,Coffee Island - Tribeca Pune,Coffee Island - Tribeca Pune - Main Store,09-03-2026,10-03-2026,IN26,Partial Received,RAW0000043,,Coffee Powder - Coffeeccino,CT_48,RM BEVERAGES - POWDERS,-,RAW MATERIAL,KG,460,-,460,1,23,460,483,-,09-03-2026,1,23,460,483,-,60,11-03-2026,1,23,460,483,-,No,0,0.00,0,0,0,0,Received,
Warehouse Mumbai,Coffee Island - Tribeca Pune,Coffee Island - Tribeca Pune - Main Store,09-03-2026,10-03-2026,IN26,Partial Received,PKG0000009,48236900,Disposable - Cup Holder,CT_22,DISPOSABLE PACKAGING - ACCESSORIES - CUP HOLDER,-,DISPOSABLE TAKE AWAY PACKAGING,PCS,1.7,-,1.7,1500,459,2550,3009,-,09-03-2026,1500,459,2550,3009,-,60,11-03-2026,1500,459,2550,3009,-,No,0,0.00,0,0,0,0,Received,
Warehouse Mumbai,Coffee Island - Tribeca Pune,Coffee Island - Tribeca Pune - Main Store,09-03-2026,10-03-2026,IN26,Partial Received,PKG0000013,,Disposable - Paper Cup 12Oz,CT_25,DISPOSABLE PACKAGING - BEVERAGES - CUPS,-,DISPOSABLE TAKE AWAY PACKAGING,PCS,4.65,-,4.65,600,502.2,2790,3292.2,-,09-03-2026,600,502.2,2790,3292.2,-,60,11-03-2026,600,502.2,2790,3292.2,-,No,0,0.00,0,0,0,0,Received,
Warehouse Mumbai,Coffee Island - Tribeca Pune,Coffee Island - Tribeca Pune - Main Store,09-03-2026,10-03-2026,IN26,Partial Received,PKG0000023,44190010,Disposable - Stirrer,CT_27,DISPOSABLE PACKAGING - BEVERAGES - WOODEN STIRRER,-,DISPOSABLE TAKE AWAY PACKAGING,PCS..,0.11,-,0.11,1000,5.5,110,115.5,-,09-03-2026,1000,5.5,109.99999999999999,115.5,-,60,11-03-2026,1000,5.5,110,115.5,-,No,0,0.00,0,0,0,0,Received,
Warehouse Mumbai,Coffee Island - Tribeca Pune,Coffee Island - Tribeca Pune - Main Store,09-03-2026,10-03-2026,IN26,Partial Received,PKG0000020,39269099,Disposable - Straw - 08Mm,CT_26,DISPOSABLE PACKAGING - BEVERAGES - STRAW,-,DISPOSABLE TAKE AWAY PACKAGING,PCS,0.65,-,0.65,1200,140.4,780,920.4,-,09-03-2026,1200,140.4,780,920.4,-,60,11-03-2026,1200,140.4,780,920.4,-,No,0,0.00,0,0,0,0,Received,
Warehouse Mumbai,Coffee Island - Tribeca Pune,Coffee Island - Tribeca Pune - Main Store,09-03-2026,10-03-2026,IN26,Partial Received,PKG0000021,,Disposable - Straw - 12Mm,CT_26,DISPOSABLE PACKAGING - BEVERAGES - STRAW,-,DISPOSABLE TAKE AWAY PACKAGING,PCS,1,-,1,300,54,300,354,-,09-03-2026,300,54,300,354,-,60,11-03-2026,300,54,300,354,-,No,0,0.00,0,0,0,0,Received,
Warehouse Mumbai,Coffee Island - Tribeca Pune,Coffee Island - Tribeca Pune - Main Store,09-03-2026,10-03-2026,IN26,Partial Received,PKG0000032,,Disposable - Tissue Paper,CT_31,DISPOSABLE PACKAGING - TISSUE PAPER,-,DISPOSABLE TAKE AWAY PACKAGING,PKT(100PCS),39,-,39,40,280.8,1560,1840.8,-,09-03-2026,40,280.8,1560,1840.8,-,60,11-03-2026,40,280.8,1560,1840.8,-,No,0,0.00,0,0,0,0,Received,
Warehouse Mumbai,Coffee Island - Tribeca Pune,Coffee Island - Tribeca Pune - Main Store,09-03-2026,10-03-2026,IN26,Partial Received,PKG0000002,82159900,Disposable - Wooden Fork,CT_19,DISPOSABLE CUTLERY - WOODEN FORK,-,DISPOSABLE TAKE AWAY PACKAGING,PCS,0.65,-,0.65,500,39,325,364,-,09-03-2026,500,39,325,364,-,60,11-03-2026,500,39,325,364,-,No,0,0.00,0,0,0,0,Received,
Warehouse Mumbai,Coffee Island - Tribeca Pune,Coffee Island - Tribeca Pune - Main Store,09-03-2026,10-03-2026,IN26,Partial Received,PKG0000004,82159900,Disposable - Wooden Spoon,CT_20,DISPOSABLE CUTLERY - WOODEN SPOON,-,DISPOSABLE TAKE AWAY PACKAGING,PCS,0.65,-,0.65,500,16.25,325,341.25,-,09-03-2026,500,16.25,325,341.25,-,60,11-03-2026,500,16.25,325,341.25,-,No,0,0.00,0,0,0,0,Received,
Warehouse Mumbai,Coffee Island - Tribeca Pune,Coffee Island - Tribeca Pune - Main Store,09-03-2026,10-03-2026,IN26,Partial Received,PKG0000024,,Food Wrapping Paper - Ci,CT_28,DISPOSABLE PACKAGING - BUTTER WRAPPING SHEETS,-,DISPOSABLE TAKE AWAY PACKAGING,PCS,1.1,-,1.1,1000,198,1100,1298,-,09-03-2026,1000,198,1100,1298,-,60,11-03-2026,1000,198,1100,1298,-,No,0,0.00,0,0,0,0,Received,
Warehouse Mumbai,Coffee Island - Tribeca Pune,Coffee Island - Tribeca Pune - Main Store,09-03-2026,10-03-2026,IN26,Partial Received,RAW0000145,090220,J1 Matcha Powder,CT_48,RM BEVERAGES - POWDERS,-,RAW MATERIAL,PCS(20GM),126,-,126,5,31.5,630,661.5,-,09-03-2026,5,31.5,630,661.5,-,60,11-03-2026,5,31.5,630,661.5,-,No,0,0.00,0,0,0,0,Received,
Warehouse Mumbai,Coffee Island - Tribeca Pune,Coffee Island - Tribeca Pune - Main Store,09-03-2026,10-03-2026,IN26,Partial Received,PKG0000031,,Kitchen Roll 1 Kg,CT_30,DISPOSABLE PACKAGING - KITCHEN ROLL,-,DISPOSABLE TAKE AWAY PACKAGING,PCS..,115,-,115,10,207,1150,1357,-,09-03-2026,10,207,1150,1357,-,60,11-03-2026,10,207,1150,1357,-,No,0,0.00,0,0,0,0,Received,
Warehouse Mumbai,Coffee Island - Tribeca Pune,Coffee Island - Tribeca Pune - Main Store,09-03-2026,10-03-2026,IN26,Partial Received,PKG0000006,,Yellow Carry Bag Small - Ci,CT_21,DISPOSABLE PACKAGING - ACCESSORIES - CARRY BAG,-,DISPOSABLE TAKE AWAY PACKAGING,PCS,6.9,-,6.9,500,621,3450,4071,-,09-03-2026,500,621,3450,4071,-,60,11-03-2026,500,621,3450,4071,-,No,0,0.00,0,0,0,0,Received,
Warehouse Mumbai,Coffee Island Eros Churchgate - Mumbai,Coffee Island Eros Churchgate - Main Store,10-03-2026,12-03-2026,IN45,Requested,UNI0000004,,Apron With Ci Logo,CT_80,UNIFORM - APRON,-,UNIFORM,PCS..,300,-,300,1,15,300,315,-,-,0,-,0.00,0,-,,-,0,-,0.00,0,-,No,0,0.00,0,0,0,0,Requested,
Warehouse Mumbai,Coffee Island Eros Churchgate - Mumbai,Coffee Island Eros Churchgate - Main Store,10-03-2026,12-03-2026,IN45,Requested,RAW0000004,,Beans - Ethiopian Blend,CT_43,RM BEVERAGES - BEANS,-,RAW MATERIAL,KG,1063.33,-,1063.33,3,159.5,3189.99,3349.49,-,-,0,-,0.00,0,-,,-,0,-,0.00,0,-,No,0,0.00,0,0,0,0,Requested,
Warehouse Mumbai,Coffee Island Eros Churchgate - Mumbai,Coffee Island Eros Churchgate - Main Store,10-03-2026,12-03-2026,IN45,Requested,RAW0000003,,Beans - Kenya Blend,CT_43,RM BEVERAGES - BEANS,-,RAW MATERIAL,KG,1093.33,-,1093.33,3,164,3279.99,3443.99,-,-,0,-,0.00,0,-,,-,0,-,0.00,0,-,No,0,0.00,0,0,0,0,Requested,
Warehouse Mumbai,Coffee Island Eros Churchgate - Mumbai,Coffee Island Eros Churchgate - Main Store,10-03-2026,12-03-2026,IN45,Requested,RAW0000006,,Beans - Kenya Single Estate,CT_43,RM BEVERAGES - BEANS,-,RAW MATERIAL,KG,3463.33,-,3463.33,2,346.33,6926.66,7272.99,-,-,0,-,0.00,0,-,,-,0,-,0.00,0,-,No,0,0.00,0,0,0,0,Requested,
Warehouse Mumbai,Coffee Island Eros Churchgate - Mumbai,Coffee Island Eros Churchgate - Main Store,10-03-2026,12-03-2026,IN45,Requested,RAW0000002,09011111,Beans - Volcano Blend,CT_43,RM BEVERAGES - BEANS,-,RAW MATERIAL,KG,812.4,-,812.4,40,1624.8,32496,34120.8,-,-,0,-,0.00,0,-,,-,0,-,0.00,0,-,No,0,0.00,0,0,0,0,Requested,
Warehouse Mumbai,Coffee Island Eros Churchgate - Mumbai,Coffee Island Eros Churchgate - Main Store,10-03-2026,12-03-2026,IN45,Requested,RAW0000025,21069050,Chocolate Powder - Hot,CT_48,RM BEVERAGES - POWDERS,-,RAW MATERIAL,KG,525,-,525,20,525,10500,11025,-,-,0,-,0.00,0,-,,-,0,-,0.00,0,-,No,0,0.00,0,0,0,0,Requested,
Warehouse Mumbai,Coffee Island Eros Churchgate - Mumbai,Coffee Island Eros Churchgate - Main Store,10-03-2026,12-03-2026,IN45,Requested,CNC0000025,,CI Spanish Bom Bom Glass - BR-4010,CT_17,GLASSWARE,-,CROCKERY & CUTLERY,PCS,365,-,365,6,394.2,2190,2584.2,-,-,0,-,0.00,0,-,,-,0,-,0.00,0,-,No,0,0.00,0,0,0,0,Requested,
Warehouse Mumbai,Coffee Island Eros Churchgate - Mumbai,Coffee Island Eros Churchgate - Main Store,10-03-2026,12-03-2026,IN45,Requested,CNC0000033,,CI Whisky Glass for 100 ML Cork Bottle,CT_17,GLASSWARE,-,CROCKERY & CUTLERY,PCS,165.24,-,165.24,12,99.14,1982.86,2082,-,-,0,-,0.00,0,-,,-,0,-,0.00,0,-,No,0,0.00,0,0,0,0,Requested,
Warehouse Mumbai,Coffee Island Eros Churchgate - Mumbai,Coffee Island Eros Churchgate - Main Store,10-03-2026,12-03-2026,IN45,Requested,PKG0000034,,Coffee Island Bag Sealing Sticker,-,DISPOSABLE PACKAGING - ACCESSORIES - STICKERS,03,DISPOSABLE TAKE AWAY PACKAGING,PCS,1.25,-,1.25,2016,453.6,2520,2973.6,-,-,0,-,0.00,0,-,,-,0,-,0.00,0,-,No,0,0.00,0,0,0,0,Requested,
Warehouse Mumbai,Coffee Island Eros Churchgate - Mumbai,Coffee Island Eros Churchgate - Main Store,10-03-2026,12-03-2026,IN45,Requested,PKG0000035,,Coffee Island Coin Sticker,-,DISPOSABLE PACKAGING - ACCESSORIES - STICKERS,03,DISPOSABLE TAKE AWAY PACKAGING,PCS,0.23,-,0.23,500,20.7,115,135.7,-,-,0,-,0.00,0,-,,-,0,-,0.00,0,-,No,0,0.00,0,0,0,0,Requested,
Warehouse Mumbai,Coffee Island Eros Churchgate - Mumbai,Coffee Island Eros Churchgate - Main Store,10-03-2026,12-03-2026,IN45,Requested,PKG0000036,,Coffee Island MRD Sticker,-,DISPOSABLE PACKAGING - ACCESSORIES - STICKERS,03,DISPOSABLE TAKE AWAY PACKAGING,PCS,0.35,-,0.35,500,31.5,175,206.5,-,-,0,-,0.00,0,-,,-,0,-,0.00,0,-,No,0,0.00,0,0,0,0,Requested,
Warehouse Mumbai,Coffee Island Eros Churchgate - Mumbai,Coffee Island Eros Churchgate - Main Store,10-03-2026,12-03-2026,IN45,Requested,RET0000011,,Cork Diary,CT_60,LIFESTYLE ACCESSORIES,-,RETAIL,PCS..,190,-,190,8,273.6,1520,1793.6,-,-,0,-,0.00,0,-,,-,0,-,0.00,0,-,No,0,0.00,0,0,0,0,Requested,
Warehouse Mumbai,Coffee Island Eros Churchgate - Mumbai,Coffee Island Eros Churchgate - Main Store,10-03-2026,12-03-2026,IN45,Requested,PKG0000012,48236900,Disposable - Paper Cup 08Oz,CT_25,DISPOSABLE PACKAGING - BEVERAGES - CUPS,-,DISPOSABLE TAKE AWAY PACKAGING,PCS,2.88,-,2.88,1000,518.4,2880,3398.4,-,-,0,-,0.00,0,-,,-,0,-,0.00,0,-,No,0,0.00,0,0,0,0,Requested,
Warehouse Mumbai,Coffee Island Eros Churchgate - Mumbai,Coffee Island Eros Churchgate - Main Store,10-03-2026,12-03-2026,IN45,Requested,PKG0000013,,Disposable - Paper Cup 12Oz,CT_25,DISPOSABLE PACKAGING - BEVERAGES - CUPS,-,DISPOSABLE TAKE AWAY PACKAGING,PCS,4.65,-,4.65,1000,837,4650,5487,-,-,0,-,0.00,0,-,,-,0,-,0.00,0,-,No,0,0.00,0,0,0,0,Requested,
Warehouse Mumbai,Coffee Island Eros Churchgate - Mumbai,Coffee Island Eros Churchgate - Main Store,10-03-2026,12-03-2026,IN45,Requested,PKG0000025,,Disposable - Rectangular Box,CT_29,DISPOSABLE PACKAGING - FOOD - FOOD BOX,-,DISPOSABLE TAKE AWAY PACKAGING,PCS,6.45,-,6.45,200,154.8,1290,1444.8,-,-,0,-,0.00,0,-,,-,0,-,0.00,0,-,No,0,0.00,0,0,0,0,Requested,
Warehouse Mumbai,Coffee Island Eros Churchgate - Mumbai,Coffee Island Eros Churchgate - Main Store,10-03-2026,12-03-2026,IN45,Requested,PKG0000026,,Disposable - Square Box,CT_29,DISPOSABLE PACKAGING - FOOD - FOOD BOX,-,DISPOSABLE TAKE AWAY PACKAGING,PCS,6.45,-,6.45,200,154.8,1290,1444.8,-,-,0,-,0.00,0,-,,-,0,-,0.00,0,-,No,0,0.00,0,0,0,0,Requested,
Warehouse Mumbai,Coffee Island Eros Churchgate - Mumbai,Coffee Island Eros Churchgate - Main Store,10-03-2026,12-03-2026,IN45,Requested,PKG0000023,44190010,Disposable - Stirrer,CT_27,DISPOSABLE PACKAGING - BEVERAGES - WOODEN STIRRER,-,DISPOSABLE TAKE AWAY PACKAGING,PCS..,0.11,-,0.11,500,2.75,55,57.75,-,-,0,-,0.00,0,-,,-,0,-,0.00,0,-,No,0,0.00,0,0,0,0,Requested,
Warehouse Mumbai,Coffee Island Eros Churchgate - Mumbai,Coffee Island Eros Churchgate - Main Store,10-03-2026,12-03-2026,IN45,Requested,PKG0000020,39269099,Disposable - Straw - 08Mm,CT_26,DISPOSABLE PACKAGING - BEVERAGES - STRAW,-,DISPOSABLE TAKE AWAY PACKAGING,PCS,0.65,-,0.65,2500,292.5,1625,1917.5,-,-,0,-,0.00,0,-,,-,0,-,0.00,0,-,No,0,0.00,0,0,0,0,Requested,
Warehouse Mumbai,Coffee Island Eros Churchgate - Mumbai,Coffee Island Eros Churchgate - Main Store,10-03-2026,12-03-2026,IN45,Requested,PKG0000021,,Disposable - Straw - 12Mm,CT_26,DISPOSABLE PACKAGING - BEVERAGES - STRAW,-,DISPOSABLE TAKE AWAY PACKAGING,PCS,1,-,1,1000,180,1000,1180,-,-,0,-,0.00,0,-,,-,0,-,0.00,0,-,No,0,0.00,0,0,0,0,Requested,
Warehouse Mumbai,Coffee Island Eros Churchgate - Mumbai,Coffee Island Eros Churchgate - Main Store,10-03-2026,12-03-2026,IN45,Requested,PKG0000032,,Disposable - Tissue Paper,CT_31,DISPOSABLE PACKAGING - TISSUE PAPER,-,DISPOSABLE TAKE AWAY PACKAGING,PKT(100PCS),39,-,39,25,175.5,975,1150.5,-,-,0,-,0.00,0,-,,-,0,-,0.00,0,-,No,0,0.00,0,0,0,0,Requested,
Warehouse Mumbai,Coffee Island Eros Churchgate - Mumbai,Coffee Island Eros Churchgate - Main Store,10-03-2026,12-03-2026,IN45,Requested,PKG0000002,82159900,Disposable - Wooden Fork,CT_19,DISPOSABLE CUTLERY - WOODEN FORK,-,DISPOSABLE TAKE AWAY PACKAGING,PCS,0.65,-,0.65,500,39,325,364,-,-,0,-,0.00,0,-,,-,0,-,0.00,0,-,No,0,0.00,0,0,0,0,Requested,
Warehouse Mumbai,Coffee Island Eros Churchgate - Mumbai,Coffee Island Eros Churchgate - Main Store,10-03-2026,12-03-2026,IN45,Requested,PKG0000004,82159900,Disposable - Wooden Spoon,CT_20,DISPOSABLE CUTLERY - WOODEN SPOON,-,DISPOSABLE TAKE AWAY PACKAGING,PCS,0.65,-,0.65,500,16.25,325,341.25,-,-,0,-,0.00,0,-,,-,0,-,0.00,0,-,No,0,0.00,0,0,0,0,Requested,
Warehouse Mumbai,Coffee Island Eros Churchgate - Mumbai,Coffee Island Eros Churchgate - Main Store,10-03-2026,12-03-2026,IN45,Requested,PKG0000024,,Food Wrapping Paper - Ci,CT_28,DISPOSABLE PACKAGING - BUTTER WRAPPING SHEETS,-,DISPOSABLE TAKE AWAY PACKAGING,PCS,1.1,-,1.1,1000,198,1100,1298,-,-,0,-,0.00,0,-,,-,0,-,0.00,0,-,No,0,0.00,0,0,0,0,Requested,
Warehouse Mumbai,Coffee Island Eros Churchgate - Mumbai,Coffee Island Eros Churchgate - Main Store,10-03-2026,12-03-2026,IN45,Requested,RAW0000174,,Forest Berry Crush,CT_49,RM BEVERAGES - SYRUP/SAUCE,-,RAW MATERIAL,BTL(1L/1200GM),320,-,320,1,16,320,336,-,-,0,-,0.00,0,-,,-,0,-,0.00,0,-,No,0,0.00,0,0,0,0,Requested,
Warehouse Mumbai,Coffee Island Eros Churchgate - Mumbai,Coffee Island Eros Churchgate - Main Store,10-03-2026,12-03-2026,IN45,Requested,RAW0000175,,Kala Khatta Syrup 750 ML,CT_49,RM BEVERAGES - SYRUP/SAUCE,-,RAW MATERIAL,BTL(750ML/983GM),407.55,-,407.55,2,40.76,815.1,855.86,-,-,0,-,0.00,0,-,,-,0,-,0.00,0,-,No,0,0.00,0,0,0,0,Requested,
Warehouse Mumbai,Coffee Island Eros Churchgate - Mumbai,Coffee Island Eros Churchgate - Main Store,10-03-2026,12-03-2026,IN45,Requested,PKG0000031,,Kitchen Roll 1 Kg,CT_30,DISPOSABLE PACKAGING - KITCHEN ROLL,-,DISPOSABLE TAKE AWAY PACKAGING,PCS..,115,-,115,15,310.5,1725,2035.5,-,-,0,-,0.00,0,-,,-,0,-,0.00,0,-,No,0,0.00,0,0,0,0,Requested,
Warehouse Mumbai,Coffee Island Eros Churchgate - Mumbai,Coffee Island Eros Churchgate - Main Store,10-03-2026,12-03-2026,IN45,Requested,RAW0000146,,Peach Garden Syrup 750ML,CT_49,RM BEVERAGES - SYRUP/SAUCE,-,RAW MATERIAL,BTL(750ML/983GM),407.55,-,407.55,3,61.13,1222.65,1283.78,-,-,0,-,0.00,0,-,,-,0,-,0.00,0,-,No,0,0.00,0,0,0,0,Requested,
Warehouse Mumbai,Coffee Island Eros Churchgate - Mumbai,Coffee Island Eros Churchgate - Main Store,10-03-2026,12-03-2026,IN45,Requested,PKG0000015,,Plastic Transparent Bowl,CT_25,DISPOSABLE PACKAGING - BEVERAGES - CUPS,-,DISPOSABLE TAKE AWAY PACKAGING,PCS,7.41,-,7.41,300,400.14,2223,2623.14,-,-,0,-,0.00,0,-,,-,0,-,0.00,0,-,No,0,0.00,0,0,0,0,Requested,
Warehouse Mumbai,Coffee Island Eros Churchgate - Mumbai,Coffee Island Eros Churchgate - Main Store,10-03-2026,12-03-2026,IN45,Requested,RAW0000023,,Protein Powder - Espresso,CT_48,RM BEVERAGES - POWDERS,-,RAW MATERIAL,KG,1450,-,1450,0.5,130.5,725,855.5,-,-,0,-,0.00,0,-,,-,0,-,0.00,0,-,No,0,0.00,0,0,0,0,Requested,
Warehouse Mumbai,Coffee Island Eros Churchgate - Mumbai,Coffee Island Eros Churchgate - Main Store,10-03-2026,12-03-2026,IN45,Requested,RET0000052,,Sipper - Cylindrical Long White,CT_69,SIPPERS/BOTTLES,-,RETAIL,PCS..,335,-,335,5,201,1675,1876,-,-,0,-,0.00,0,-,,-,0,-,0.00,0,-,No,0,0.00,0,0,0,0,Requested,
Warehouse Mumbai,Coffee Island Eros Churchgate - Mumbai,Coffee Island Eros Churchgate - Main Store,10-03-2026,12-03-2026,IN45,Requested,RAW0000170,,Strawberry Syrup 750 Ml,CT_49,RM BEVERAGES - SYRUP/SAUCE,-,RAW MATERIAL,BTL(750ML/983GM),407.55,-,407.55,2,40.76,815.1,855.86,-,-,0,-,0.00,0,-,,-,0,-,0.00,0,-,No,0,0.00,0,0,0,0,Requested,
Warehouse Mumbai,Coffee Island Eros Churchgate - Mumbai,Coffee Island Eros Churchgate - Main Store,10-03-2026,12-03-2026,IN45,Requested,RAW0000050,,Syrup - Brown Butter,CT_49,RM BEVERAGES - SYRUP/SAUCE,-,RAW MATERIAL,BTL(700ML/910GM),560,-,560,4,112,2240,2352,-,-,0,-,0.00,0,-,,-,0,-,0.00,0,-,No,0,0.00,0,0,0,0,Requested,
Warehouse Mumbai,Coffee Island Eros Churchgate - Mumbai,Coffee Island Eros Churchgate - Main Store,10-03-2026,12-03-2026,IN45,Requested,PKG0000006,,Yellow Carry Bag Small - Ci,CT_21,DISPOSABLE PACKAGING - ACCESSORIES - CARRY BAG,-,DISPOSABLE TAKE AWAY PACKAGING,PCS,6.9,-,6.9,500,621,3450,4071,-,-,0,-,0.00,0,-,,-,0,-,0.00,0,-,No,0,0.00,0,0,0,0,Requested,
Warehouse Mumbai,Coffee Island Phoenix Market City - Mumbai,Coffee Island Phoenix Market City - Main Store,10-03-2026,12-03-2026,IN20,Requested,UNI0000004,,Apron With Ci Logo,CT_80,UNIFORM - APRON,-,UNIFORM,PCS..,300,-,300,1,15,300,315,-,-,0,-,0.00,0,-,,-,0,-,0.00,0,-,No,0,0.00,0,0,0,0,Requested,
Warehouse Mumbai,Coffee Island Phoenix Market City - Mumbai,Coffee Island Phoenix Market City - Main Store,10-03-2026,12-03-2026,IN20,Requested,RAW0000005,,Beans - Ethiopian Single Estate,CT_43,RM BEVERAGES - BEANS,-,RAW MATERIAL,KG,3013.33,-,3013.33,1,150.67,3013.33,3164,-,-,0,-,0.00,0,-,,-,0,-,0.00,0,-,No,0,0.00,0,0,0,0,Requested,
Warehouse Mumbai,Coffee Island Phoenix Market City - Mumbai,Coffee Island Phoenix Market City - Main Store,10-03-2026,12-03-2026,IN20,Requested,RAW0000003,,Beans - Kenya Blend,CT_43,RM BEVERAGES - BEANS,-,RAW MATERIAL,KG,1093.33,-,1093.33,2,109.33,2186.66,2295.99,-,-,0,-,0.00,0,-,,-,0,-,0.00,0,-,No,0,0.00,0,0,0,0,Requested,
Warehouse Mumbai,Coffee Island Phoenix Market City - Mumbai,Coffee Island Phoenix Market City - Main Store,10-03-2026,12-03-2026,IN20,Requested,RAW0000006,,Beans - Kenya Single Estate,CT_43,RM BEVERAGES - BEANS,-,RAW MATERIAL,KG,3463.33,-,3463.33,2,346.33,6926.66,7272.99,-,-,0,-,0.00,0,-,,-,0,-,0.00,0,-,No,0,0.00,0,0,0,0,Requested,
Warehouse Mumbai,Coffee Island Phoenix Market City - Mumbai,Coffee Island Phoenix Market City - Main Store,10-03-2026,12-03-2026,IN20,Requested,RAW0000002,09011111,Beans - Volcano Blend,CT_43,RM BEVERAGES - BEANS,-,RAW MATERIAL,KG,812.4,-,812.4,20,812.4,16248,17060.4,-,-,0,-,0.00,0,-,,-,0,-,0.00,0,-,No,0,0.00,0,0,0,0,Requested,
Warehouse Mumbai,Coffee Island Phoenix Market City - Mumbai,Coffee Island Phoenix Market City - Main Store,10-03-2026,12-03-2026,IN20,Requested,RAW0000025,21069050,Chocolate Powder - Hot,CT_48,RM BEVERAGES - POWDERS,-,RAW MATERIAL,KG,525,-,525,10,262.5,5250,5512.5,-,-,0,-,0.00,0,-,,-,0,-,0.00,0,-,No,0,0.00,0,0,0,0,Requested,
Warehouse Mumbai,Coffee Island Phoenix Market City - Mumbai,Coffee Island Phoenix Market City - Main Store,10-03-2026,12-03-2026,IN20,Requested,CNC0000025,,CI Spanish Bom Bom Glass - BR-4010,CT_17,GLASSWARE,-,CROCKERY & CUTLERY,PCS,365,-,365,6,394.2,2190,2584.2,-,-,0,-,0.00,0,-,,-,0,-,0.00,0,-,No,0,0.00,0,0,0,0,Requested,
Warehouse Mumbai,Coffee Island Phoenix Market City - Mumbai,Coffee Island Phoenix Market City - Main Store,10-03-2026,12-03-2026,IN20,Requested,PKG0000034,,Coffee Island Bag Sealing Sticker,-,DISPOSABLE PACKAGING - ACCESSORIES - STICKERS,03,DISPOSABLE TAKE AWAY PACKAGING,PCS,1.25,-,1.25,2016,453.6,2520,2973.6,-,-,0,-,0.00,0,-,,-,0,-,0.00,0,-,No,0,0.00,0,0,0,0,Requested,
Warehouse Mumbai,Coffee Island Phoenix Market City - Mumbai,Coffee Island Phoenix Market City - Main Store,10-03-2026,12-03-2026,IN20,Requested,PKG0000035,,Coffee Island Coin Sticker,-,DISPOSABLE PACKAGING - ACCESSORIES - STICKERS,03,DISPOSABLE TAKE AWAY PACKAGING,PCS,0.23,-,0.23,500,20.7,115,135.7,-,-,0,-,0.00,0,-,,-,0,-,0.00,0,-,No,0,0.00,0,0,0,0,Requested,
Warehouse Mumbai,Coffee Island Phoenix Market City - Mumbai,Coffee Island Phoenix Market City - Main Store,10-03-2026,12-03-2026,IN20,Requested,PKG0000009,48236900,Disposable - Cup Holder,CT_22,DISPOSABLE PACKAGING - ACCESSORIES - CUP HOLDER,-,DISPOSABLE TAKE AWAY PACKAGING,PCS,1.7,-,1.7,1500,459,2550,3009,-,-,0,-,0.00,0,-,,-,0,-,0.00,0,-,No,0,0.00,0,0,0,0,Requested,
Warehouse Mumbai,Coffee Island Phoenix Market City - Mumbai,Coffee Island Phoenix Market City - Main Store,10-03-2026,12-03-2026,IN20,Requested,PKG0000018,39239020,Disposable - Lid (Hot) 08Oz,CT_23,DISPOSABLE PACKAGING - BEVERAGES - LIDS,-,DISPOSABLE TAKE AWAY PACKAGING,PCS,2.4,-,2.4,500,216,1200,1416,-,-,0,-,0.00,0,-,,-,0,-,0.00,0,-,No,0,0.00,0,0,0,0,Requested,
Warehouse Mumbai,Coffee Island Phoenix Market City - Mumbai,Coffee Island Phoenix Market City - Main Store,10-03-2026,12-03-2026,IN20,Requested,PKG0000012,48236900,Disposable - Paper Cup 08Oz,CT_25,DISPOSABLE PACKAGING - BEVERAGES - CUPS,-,DISPOSABLE TAKE AWAY PACKAGING,PCS,2.88,-,2.88,500,259.2,1440,1699.2,-,-,0,-,0.00,0,-,,-,0,-,0.00,0,-,No,0,0.00,0,0,0,0,Requested,
Warehouse Mumbai,Coffee Island Phoenix Market City - Mumbai,Coffee Island Phoenix Market City - Main Store,10-03-2026,12-03-2026,IN20,Requested,PKG0000013,,Disposable - Paper Cup 12Oz,CT_25,DISPOSABLE PACKAGING - BEVERAGES - CUPS,-,DISPOSABLE TAKE AWAY PACKAGING,PCS,4.65,-,4.65,500,418.5,2325,2743.5,-,-,0,-,0.00,0,-,,-,0,-,0.00,0,-,No,0,0.00,0,0,0,0,Requested,
Warehouse Mumbai,Coffee Island Phoenix Market City - Mumbai,Coffee Island Phoenix Market City - Main Store,10-03-2026,12-03-2026,IN20,Requested,PKG0000025,,Disposable - Rectangular Box,CT_29,DISPOSABLE PACKAGING - FOOD - FOOD BOX,-,DISPOSABLE TAKE AWAY PACKAGING,PCS,6.45,-,6.45,200,154.8,1290,1444.8,-,-,0,-,0.00,0,-,,-,0,-,0.00,0,-,No,0,0.00,0,0,0,0,Requested,
Warehouse Mumbai,Coffee Island Phoenix Market City - Mumbai,Coffee Island Phoenix Market City - Main Store,10-03-2026,12-03-2026,IN20,Requested,PKG0000026,,Disposable - Square Box,CT_29,DISPOSABLE PACKAGING - FOOD - FOOD BOX,-,DISPOSABLE TAKE AWAY PACKAGING,PCS,6.45,-,6.45,200,154.8,1290,1444.8,-,-,0,-,0.00,0,-,,-,0,-,0.00,0,-,No,0,0.00,0,0,0,0,Requested,
Warehouse Mumbai,Coffee Island Phoenix Market City - Mumbai,Coffee Island Phoenix Market City - Main Store,10-03-2026,12-03-2026,IN20,Requested,PKG0000020,39269099,Disposable - Straw - 08Mm,CT_26,DISPOSABLE PACKAGING - BEVERAGES - STRAW,-,DISPOSABLE TAKE AWAY PACKAGING,PCS,0.65,-,0.65,1000,117,650,767,-,-,0,-,0.00,0,-,,-,0,-,0.00,0,-,No,0,0.00,0,0,0,0,Requested,
Warehouse Mumbai,Coffee Island Phoenix Market City - Mumbai,Coffee Island Phoenix Market City - Main Store,10-03-2026,12-03-2026,IN20,Requested,PKG0000021,,Disposable - Straw - 12Mm,CT_26,DISPOSABLE PACKAGING - BEVERAGES - STRAW,-,DISPOSABLE TAKE AWAY PACKAGING,PCS,1,-,1,1000,180,1000,1180,-,-,0,-,0.00,0,-,,-,0,-,0.00,0,-,No,0,0.00,0,0,0,0,Requested,
Warehouse Mumbai,Coffee Island Phoenix Market City - Mumbai,Coffee Island Phoenix Market City - Main Store,10-03-2026,12-03-2026,IN20,Requested,PKG0000032,,Disposable - Tissue Paper,CT_31,DISPOSABLE PACKAGING - TISSUE PAPER,-,DISPOSABLE TAKE AWAY PACKAGING,PKT(100PCS),39,-,39,50,351,1950,2301,-,-,0,-,0.00,0,-,,-,0,-,0.00,0,-,No,0,0.00,0,0,0,0,Requested,
Warehouse Mumbai,Coffee Island Phoenix Market City - Mumbai,Coffee Island Phoenix Market City - Main Store,10-03-2026,12-03-2026,IN20,Requested,PKG0000002,82159900,Disposable - Wooden Fork,CT_19,DISPOSABLE CUTLERY - WOODEN FORK,-,DISPOSABLE TAKE AWAY PACKAGING,PCS,0.65,-,0.65,500,39,325,364,-,-,0,-,0.00,0,-,,-,0,-,0.00,0,-,No,0,0.00,0,0,0,0,Requested,
Warehouse Mumbai,Coffee Island Phoenix Market City - Mumbai,Coffee Island Phoenix Market City - Main Store,10-03-2026,12-03-2026,IN20,Requested,PKG0000024,,Food Wrapping Paper - Ci,CT_28,DISPOSABLE PACKAGING - BUTTER WRAPPING SHEETS,-,DISPOSABLE TAKE AWAY PACKAGING,PCS,1.1,-,1.1,1000,198,1100,1298,-,-,0,-,0.00,0,-,,-,0,-,0.00,0,-,No,0,0.00,0,0,0,0,Requested,
Warehouse Mumbai,Coffee Island Phoenix Market City - Mumbai,Coffee Island Phoenix Market City - Main Store,10-03-2026,12-03-2026,IN20,Requested,RAW0000175,,Kala Khatta Syrup 750 ML,CT_49,RM BEVERAGES - SYRUP/SAUCE,-,RAW MATERIAL,BTL(750ML/983GM),407.55,-,407.55,2,40.76,815.1,855.86,-,-,0,-,0.00,0,-,,-,0,-,0.00,0,-,No,0,0.00,0,0,0,0,Requested,
Warehouse Mumbai,Coffee Island Phoenix Market City - Mumbai,Coffee Island Phoenix Market City - Main Store,10-03-2026,12-03-2026,IN20,Requested,PKG0000031,,Kitchen Roll 1 Kg,CT_30,DISPOSABLE PACKAGING - KITCHEN ROLL,-,DISPOSABLE TAKE AWAY PACKAGING,PCS..,115,-,115,5,103.5,575,678.5,-,-,0,-,0.00,0,-,,-,0,-,0.00,0,-,No,0,0.00,0,0,0,0,Requested,
Warehouse Mumbai,Coffee Island Phoenix Market City - Mumbai,Coffee Island Phoenix Market City - Main Store,10-03-2026,12-03-2026,IN20,Requested,RAW0000177,,Orange Crush 1000ML,CT_49,RM BEVERAGES - SYRUP/SAUCE,-,RAW MATERIAL,BTL(1L/1200GM),245,-,245,1,12.25,245,257.25,-,-,0,-,0.00,0,-,,-,0,-,0.00,0,-,No,0,0.00,0,0,0,0,Requested,
Warehouse Mumbai,Coffee Island Phoenix Market City - Mumbai,Coffee Island Phoenix Market City - Main Store,10-03-2026,12-03-2026,IN20,Requested,RET0000010,,Pack Of 30 Sachets Instant Coffee Classic,CT_59,INSTANT COFFEE - DRY,-,RETAIL,PCS..,160.47,-,160.47,18,519.92,2888.46,3408.38,-,-,0,-,0.00,0,-,,-,0,-,0.00,0,-,No,0,0.00,0,0,0,0,Requested,
Warehouse Mumbai,Coffee Island Phoenix Market City - Mumbai,Coffee Island Phoenix Market City - Main Store,10-03-2026,12-03-2026,IN20,Requested,PKG0000015,,Plastic Transparent Bowl,CT_25,DISPOSABLE PACKAGING - BEVERAGES - CUPS,-,DISPOSABLE TAKE AWAY PACKAGING,PCS,7.41,-,7.41,50,66.69,370.5,437.19,-,-,0,-,0.00,0,-,,-,0,-,0.00,0,-,No,0,0.00,0,0,0,0,Requested,
Warehouse Mumbai,Coffee Island Phoenix Market City - Mumbai,Coffee Island Phoenix Market City - Main Store,10-03-2026,12-03-2026,IN20,Requested,RAW0000170,,Strawberry Syrup 750 Ml,CT_49,RM BEVERAGES - SYRUP/SAUCE,-,RAW MATERIAL,BTL(750ML/983GM),407.55,-,407.55,2,40.76,815.1,855.86,-,-,0,-,0.00,0,-,,-,0,-,0.00,0,-,No,0,0.00,0,0,0,0,Requested,
Warehouse Mumbai,Coffee Island Phoenix Market City - Mumbai,Coffee Island Phoenix Market City - Main Store,10-03-2026,12-03-2026,IN20,Requested,PKG0000006,,Yellow Carry Bag Small - Ci,CT_21,DISPOSABLE PACKAGING - ACCESSORIES - CARRY BAG,-,DISPOSABLE TAKE AWAY PACKAGING,PCS,6.9,-,6.9,500,621,3450,4071,-,-,0,-,0.00,0,-,,-,0,-,0.00,0,-,No,0,0.00,0,0,0,0,Requested,
Warehouse Mumbai,Coffee Island Beyond R City,Coffee Island R City Main Store,10-03-2026,12-03-2026,IN9,Requested,RAW0000004,,Beans - Ethiopian Blend,CT_43,RM BEVERAGES - BEANS,-,RAW MATERIAL,KG,1063.33,-,1063.33,2,106.33,2126.66,2232.99,-,-,0,-,0.00,0,-,,-,0,-,0.00,0,-,No,0,0.00,0,0,0,0,Requested,
Warehouse Mumbai,Coffee Island Beyond R City,Coffee Island R City Main Store,10-03-2026,12-03-2026,IN9,Requested,RAW0000003,,Beans - Kenya Blend,CT_43,RM BEVERAGES - BEANS,-,RAW MATERIAL,KG,1093.33,-,1093.33,3,164,3279.99,3443.99,-,-,0,-,0.00,0,-,,-,0,-,0.00,0,-,No,0,0.00,0,0,0,0,Requested,
Warehouse Mumbai,Coffee Island Beyond R City,Coffee Island R City Main Store,10-03-2026,12-03-2026,IN9,Requested,RAW0000006,,Beans - Kenya Single Estate,CT_43,RM BEVERAGES - BEANS,-,RAW MATERIAL,KG,3463.33,-,3463.33,1,173.17,3463.33,3636.5,-,-,0,-,0.00,0,-,,-,0,-,0.00,0,-,No,0,0.00,0,0,0,0,Requested,
Warehouse Mumbai,Coffee Island Beyond R City,Coffee Island R City Main Store,10-03-2026,12-03-2026,IN9,Requested,RAW0000002,09011111,Beans - Volcano Blend,CT_43,RM BEVERAGES - BEANS,-,RAW MATERIAL,KG,812.4,-,812.4,15,609.3,12186,12795.3,-,-,0,-,0.00,0,-,,-,0,-,0.00,0,-,No,0,0.00,0,0,0,0,Requested,
Warehouse Mumbai,Coffee Island Beyond R City,Coffee Island R City Main Store,10-03-2026,12-03-2026,IN9,Requested,RAW0000025,21069050,Chocolate Powder - Hot,CT_48,RM BEVERAGES - POWDERS,-,RAW MATERIAL,KG,525,-,525,10,262.5,5250,5512.5,-,-,0,-,0.00,0,-,,-,0,-,0.00,0,-,No,0,0.00,0,0,0,0,Requested,
Warehouse Mumbai,Coffee Island Beyond R City,Coffee Island R City Main Store,10-03-2026,12-03-2026,IN9,Requested,PKG0000021,,Disposable - Straw - 12Mm,CT_26,DISPOSABLE PACKAGING - BEVERAGES - STRAW,-,DISPOSABLE TAKE AWAY PACKAGING,PCS,1,-,1,300,54,300,354,-,-,0,-,0.00,0,-,,-,0,-,0.00,0,-,No,0,0.00,0,0,0,0,Requested,
Warehouse Mumbai,Coffee Island Beyond R City,Coffee Island R City Main Store,10-03-2026,12-03-2026,IN9,Requested,PKG0000032,,Disposable - Tissue Paper,CT_31,DISPOSABLE PACKAGING - TISSUE PAPER,-,DISPOSABLE TAKE AWAY PACKAGING,PKT(100PCS),39,-,39,50,351,1950,2301,-,-,0,-,0.00,0,-,,-,0,-,0.00,0,-,No,0,0.00,0,0,0,0,Requested,
Warehouse Mumbai,Coffee Island Beyond R City,Coffee Island R City Main Store,10-03-2026,12-03-2026,IN9,Requested,PKG0000024,,Food Wrapping Paper - Ci,CT_28,DISPOSABLE PACKAGING - BUTTER WRAPPING SHEETS,-,DISPOSABLE TAKE AWAY PACKAGING,PCS,1.1,-,1.1,1000,198,1100,1298,-,-,0,-,0.00,0,-,,-,0,-,0.00,0,-,No,0,0.00,0,0,0,0,Requested,
Warehouse Mumbai,Coffee Island Beyond R City,Coffee Island R City Main Store,10-03-2026,12-03-2026,IN9,Requested,PKG0000031,,Kitchen Roll 1 Kg,CT_30,DISPOSABLE PACKAGING - KITCHEN ROLL,-,DISPOSABLE TAKE AWAY PACKAGING,PCS..,115,-,115,10,207,1150,1357,-,-,0,-,0.00,0,-,,-,0,-,0.00,0,-,No,0,0.00,0,0,0,0,Requested,
Warehouse Mumbai,Coffee Island Beyond R City,Coffee Island R City Main Store,10-03-2026,12-03-2026,IN9,Requested,RAW0000146,,Peach Garden Syrup 750ML,CT_49,RM BEVERAGES - SYRUP/SAUCE,-,RAW MATERIAL,BTL(750ML/983GM),407.55,-,407.55,1,20.38,407.55,427.93,-,-,0,-,0.00,0,-,,-,0,-,0.00,0,-,No,0,0.00,0,0,0,0,Requested,
,,,,,,,,,,,,,,,,,,Grand Total,56500.29,603603.01,660103.3,,,,39118.08,412831.26,451949.34,,,,,29135.15,310979.07,340114.22,,,,0,,0,,0,