Deployment Name,Warehouse NCR
Start Date,01-02-2026
End Date,15-02-2026
Report Generation Date&Time,17/02/2026, 04:59:42 pm

Supplier ,Receiver ,Receiver Kitchen ,Date,Expected Delivery,Indent Number ,Status ,Item Code ,HSN Code ,Item Name ,Category Code ,Category Name ,Super Category Code ,Super Category Name ,Unit ,UnitPrice,Margin Percentage,IndentPrice,Requested Qty ,Tax ,SubTotal ,Amount ,Comment ,Supplied Date ,Supplied Qty ,Tax ,SubTotal ,Amount ,Comment ,Dispatch Number ,Received Date ,Received Qty ,Tax ,SubTotal ,Amount ,Comment ,Directly Issued ,Suspicious Qty ,Suspicious Amount ,Reuse Qty ,Reuse Amount ,Wastage Qty ,Wastage Amount ,Item Status ,

Warehouse NCR,Coffee Island HQ-27,Coffee Island HQ-27 Main Store,02-02-2026,03-02-2026,IN58,Received,UNI0000004,,Apron With Ci Logo,CT_80,UNIFORM - APRON,-,UNIFORM,PCS..,300,-,300,3,45,900,945,-,02-02-2026,3,45,900,945,-,315,03-02-2026,3,45,900,945,-,No,0,0.00,0,0,0,0,Received,
Warehouse NCR,Coffee Island HQ-27,Coffee Island HQ-27 Main Store,02-02-2026,03-02-2026,IN58,Received,RAW0000001,,Beans - Master Blend,CT_43,RM BEVERAGES - BEANS,-,RAW MATERIAL,KG,768.33,-,768.33,4,153.67,3073.32,3226.99,-,02-02-2026,4,153.67,3073.32,3226.99,-,315,03-02-2026,4,153.67,3073.32,3226.99,-,No,0,0.00,0,0,0,0,Received,
Warehouse NCR,Coffee Island HQ-27,Coffee Island HQ-27 Main Store,02-02-2026,03-02-2026,IN58,Received,RAW0000025,21069050,Chocolate Powder - Hot,CT_48,RM BEVERAGES - POWDERS,-,RAW MATERIAL,KG,785,-,785,10,392.5,7850,8242.5,-,02-02-2026,10,392.5,7850,8242.5,-,315,03-02-2026,10,392.5,7850,8242.5,-,No,0,0.00,0,0,0,0,Received,
Warehouse NCR,Coffee Island HQ-27,Coffee Island HQ-27 Main Store,02-02-2026,03-02-2026,IN58,Received,CNC0000025,,CI Spanish Bom Bom Glass - BR-4010,CT_17,GLASSWARE,-,CROCKERY & CUTLERY,PCS,365,-,365,6,394.2,2190,2584.2,New Glasses,02-02-2026,6,394.2,2190,2584.2,-,315,03-02-2026,6,394.2,2190,2584.2,-,No,0,0.00,0,0,0,0,Received,
Warehouse NCR,Coffee Island HQ-27,Coffee Island HQ-27 Main Store,02-02-2026,03-02-2026,IN58,Received,PKG0000032,,Disposable - Tissue Paper,CT_31,DISPOSABLE PACKAGING - TISSUE PAPER,-,DISPOSABLE TAKE AWAY PACKAGING,PCS,0.39,-,0.39,2000,140.4,780,920.4,-,02-02-2026,2000,140.4,780,920.4,-,315,03-02-2026,2000,140.4,780,920.4,-,No,0,0.00,0,0,0,0,Received,
Warehouse NCR,Coffee Island HQ-27,Coffee Island HQ-27 Main Store,02-02-2026,03-02-2026,IN58,Received,UNI0000016,,Polo T-Shirt With Ci Logo - XL,CT_82,UNIFORM - SHIRT/T SHIRT,-,UNIFORM,PCS,340,-,340,1,17,340,357,-,02-02-2026,0,-,0,0,-,,03-02-2026,0,-,0,0,-,No,0,0.00,0,0,0,0,Received,
Warehouse NCR,Coffee Island HQ-27,Coffee Island HQ-27 Main Store,02-02-2026,03-02-2026,IN58,Received,PKG0000008,,Yellow Carry Bag Large - Ci,CT_21,DISPOSABLE PACKAGING - ACCESSORIES - CARRY BAG,-,DISPOSABLE TAKE AWAY PACKAGING,PCS,10.2,-,10.2,300,550.8,3060,3610.8,-,02-02-2026,300,550.8,3060,3610.8,-,315,03-02-2026,300,550.8,3060,3610.8,-,No,0,0.00,0,0,0,0,Received,
Warehouse NCR,Coffee Island HQ-27,Coffee Island HQ-27 Main Store,02-02-2026,03-02-2026,IN58,Received,PKG0000007,,Yellow Carry Bag Medium - Ci,CT_21,DISPOSABLE PACKAGING - ACCESSORIES - CARRY BAG,-,DISPOSABLE TAKE AWAY PACKAGING,PCS,8.61,-,8.61,100,154.98,861,1015.98,-,02-02-2026,0,-,0,0,-,,03-02-2026,0,-,0,0,-,No,0,0.00,0,0,0,0,Received,
Warehouse NCR,Coffee Island AIPL,Coffee Island AIPL Main Store,02-02-2026,03-02-2026,IN40,Suspicious,RAW0000025,21069050,Chocolate Powder - Hot,CT_48,RM BEVERAGES - POWDERS,-,RAW MATERIAL,KG,785,-,785,5,196.25,3925,4121.25,-,02-02-2026,5,196.25,3925,4121.25,-,314,03-02-2026,5,196.25,3925,4121.25,-,No,0,0.00,0,0,0,0,Received,
Warehouse NCR,Coffee Island AIPL,Coffee Island AIPL Main Store,02-02-2026,03-02-2026,IN40,Suspicious,PKG0000009,48236900,Disposable - Cup Holder,CT_22,DISPOSABLE PACKAGING - ACCESSORIES - CUP HOLDER,-,DISPOSABLE TAKE AWAY PACKAGING,PCS,1.7,-,1.7,400,122.4,680,802.4,-,02-02-2026,400,122.4,680,802.4,-,314,03-02-2026,400,122.4,680,802.4,-,No,0,0.00,0,0,0,0,Received,
Warehouse NCR,Coffee Island AIPL,Coffee Island AIPL Main Store,02-02-2026,03-02-2026,IN40,Suspicious,PKG0000018,39239020,Disposable - Lid (Hot) 08Oz,CT_23,DISPOSABLE PACKAGING - BEVERAGES - LIDS,-,DISPOSABLE TAKE AWAY PACKAGING,PCS,2.4,-,2.4,500,216,1200,1416,-,02-02-2026,500,216,1200,1416,-,314,03-02-2026,500,216,1200,1416,-,No,0,0.00,0,0,0,0,Received,
Warehouse NCR,Coffee Island AIPL,Coffee Island AIPL Main Store,02-02-2026,03-02-2026,IN40,Suspicious,RAW0000178,,Nimbu Masala Syrup 750ML,CT_49,RM BEVERAGES - SYRUP/SAUCE,-,RAW MATERIAL,BTL(750ML/983GM),380,-,380,2,38,760,798,-,02-02-2026,2,38,760,798,-,314,03-02-2026,1,19,380,399,1 BOTTLE RECEIVED PHYSICALLY IN STORE,No,1,380,0,0,0,0,Suspicious,
Warehouse NCR,Coffee Island AIPL,Coffee Island AIPL Main Store,02-02-2026,03-02-2026,IN40,Suspicious,RAW0000146,,Peach Garden Syrup 750ML,CT_49,RM BEVERAGES - SYRUP/SAUCE,-,RAW MATERIAL,BTL(750ML/983GM),407.55,-,407.55,1,20.38,407.55,427.93,-,02-02-2026,1,20.38,407.55,427.93,-,314,03-02-2026,1,20.38,407.55,427.93,-,No,0,0.00,0,0,0,0,Received,
Warehouse NCR,Coffee Island NSP - New Delhi,Coffee Island NSP - Main Store,02-02-2026,04-02-2026,IN23,Received,RAW0000004,,Beans - Ethiopian Blend,CT_43,RM BEVERAGES - BEANS,-,RAW MATERIAL,KG,1063.33,-,1063.33,1,53.17,1063.33,1116.5,-,02-02-2026,1,53.17,1063.33,1116.5,-,313,05-02-2026,1,53.17,1063.33,1116.5,-,No,0,0.00,0,0,0,0,Received,
Warehouse NCR,Coffee Island NSP - New Delhi,Coffee Island NSP - Main Store,02-02-2026,04-02-2026,IN23,Received,RAW0000003,,Beans - Kenya Blend,CT_43,RM BEVERAGES - BEANS,-,RAW MATERIAL,KG,1093.33,-,1093.33,0.5,27.33,546.67,574,ony 0.5kg send.,02-02-2026,0.5,27.33,546.665,574,-,313,05-02-2026,0.5,27.33,546.67,574,-,No,0,0.00,0,0,0,0,Received,
Warehouse NCR,Coffee Island NSP - New Delhi,Coffee Island NSP - Main Store,02-02-2026,04-02-2026,IN23,Received,RAW0000025,21069050,Chocolate Powder - Hot,CT_48,RM BEVERAGES - POWDERS,-,RAW MATERIAL,KG,785,-,785,5,196.25,3925,4121.25,-,02-02-2026,5,196.25,3925,4121.25,-,313,05-02-2026,5,196.25,3925,4121.25,-,No,0,0.00,0,0,0,0,Received,
Warehouse NCR,Coffee Island NSP - New Delhi,Coffee Island NSP - Main Store,02-02-2026,04-02-2026,IN23,Received,PKG0000009,48236900,Disposable - Cup Holder,CT_22,DISPOSABLE PACKAGING - ACCESSORIES - CUP HOLDER,-,DISPOSABLE TAKE AWAY PACKAGING,PCS,1.7,-,1.7,600,183.6,1020,1203.6,-,02-02-2026,600,183.6,1020,1203.6,-,313,05-02-2026,600,183.6,1020,1203.6,-,No,0,0.00,0,0,0,0,Received,
Warehouse NCR,Coffee Island NSP - New Delhi,Coffee Island NSP - Main Store,02-02-2026,04-02-2026,IN23,Received,PKG0000012,48236900,Disposable - Paper Cup 08Oz,CT_25,DISPOSABLE PACKAGING - BEVERAGES - CUPS,-,DISPOSABLE TAKE AWAY PACKAGING,PCS,2.88,-,2.88,400,207.36,1152,1359.36,-,02-02-2026,400,207.36,1152,1359.36,-,313,05-02-2026,400,207.36,1152,1359.36,-,No,0,0.00,0,0,0,0,Received,
Warehouse NCR,Coffee Island NSP - New Delhi,Coffee Island NSP - Main Store,02-02-2026,04-02-2026,IN23,Received,PKG0000020,39269099,Disposable - Straw - 08Mm,CT_26,DISPOSABLE PACKAGING - BEVERAGES - STRAW,-,DISPOSABLE TAKE AWAY PACKAGING,PCS,0.65,-,0.65,600,70.2,390,460.2,-,02-02-2026,600,70.2,390,460.2,-,313,05-02-2026,600,70.2,390,460.2,-,No,0,0.00,0,0,0,0,Received,
Warehouse NCR,Coffee Island NSP - New Delhi,Coffee Island NSP - Main Store,02-02-2026,04-02-2026,IN23,Received,PKG0000032,,Disposable - Tissue Paper,CT_31,DISPOSABLE PACKAGING - TISSUE PAPER,-,DISPOSABLE TAKE AWAY PACKAGING,PCS,0.39,-,0.39,2000,140.4,780,920.4,-,02-02-2026,2000,140.4,780,920.4,-,313,05-02-2026,2000,140.4,780,920.4,-,No,0,0.00,0,0,0,0,Received,
Warehouse NCR,Coffee Island AIPL,Coffee Island AIPL Main Store,03-02-2026,04-02-2026,IN41,Received,PKG0000034,,Coffee Island Bag Sealing Sticker,-,DISPOSABLE PACKAGING - ACCESSORIES - STICKERS,03,DISPOSABLE TAKE AWAY PACKAGING,PCS,1.25,-,1.25,336,75.6,420,495.6,-,03-02-2026,336,75.6,420,495.6,-,316,03-02-2026,336,75.6,420,495.6,-,No,0,0.00,0,0,0,0,Received,
Warehouse NCR,Coffee Island Beyond GK II,Coffee Island GK Main  Store,04-02-2026,06-02-2026,IN73,Received,RAW0000005,,Beans - Ethiopian Single Estate,CT_43,RM BEVERAGES - BEANS,-,RAW MATERIAL,KG,3013.33,-,3013.33,1,150.67,3013.33,3164,-,06-02-2026,1,150.67,3013.33,3164,-,318,06-02-2026,1,150.67,3013.33,3164,-,No,0,0.00,0,0,0,0,Received,
Warehouse NCR,Coffee Island Beyond GK II,Coffee Island GK Main  Store,04-02-2026,06-02-2026,IN73,Received,RAW0000006,,Beans - Kenya Single Estate,CT_43,RM BEVERAGES - BEANS,-,RAW MATERIAL,KG,3463.33,-,3463.33,1,173.17,3463.33,3636.5,-,06-02-2026,1,173.17,3463.33,3636.5,-,318,06-02-2026,1,173.17,3463.33,3636.5,-,No,0,0.00,0,0,0,0,Received,
Warehouse NCR,Coffee Island Beyond GK II,Coffee Island GK Main  Store,04-02-2026,06-02-2026,IN73,Received,RAW0000025,21069050,Chocolate Powder - Hot,CT_48,RM BEVERAGES - POWDERS,-,RAW MATERIAL,KG,785,-,785,10,392.5,7850,8242.5,-,06-02-2026,10,392.5,7850,8242.5,-,318,06-02-2026,10,392.5,7850,8242.5,-,No,0,0.00,0,0,0,0,Received,
Warehouse NCR,Coffee Island Beyond GK II,Coffee Island GK Main  Store,04-02-2026,06-02-2026,IN73,Received,PKG0000016,39239020,Disposable - Lid (Cold) 12Oz - Dome,CT_23,DISPOSABLE PACKAGING - BEVERAGES - LIDS,-,DISPOSABLE TAKE AWAY PACKAGING,PCS,1.5,-,1.5,1000,270,1500,1770,-,06-02-2026,1000,270,1500,1770,-,318,06-02-2026,1000,270,1500,1770,-,No,0,0.00,0,0,0,0,Received,
Warehouse NCR,Coffee Island Beyond GK II,Coffee Island GK Main  Store,04-02-2026,06-02-2026,IN73,Received,PKG0000018,39239020,Disposable - Lid (Hot) 08Oz,CT_23,DISPOSABLE PACKAGING - BEVERAGES - LIDS,-,DISPOSABLE TAKE AWAY PACKAGING,PCS,2.4,-,2.4,400,172.8,960,1132.8,-,06-02-2026,400,172.8,960,1132.8,-,318,06-02-2026,400,172.8,960,1132.8,-,No,0,0.00,0,0,0,0,Received,
Warehouse NCR,Coffee Island Beyond GK II,Coffee Island GK Main  Store,04-02-2026,06-02-2026,IN73,Received,PKG0000020,39269099,Disposable - Straw - 08Mm,CT_26,DISPOSABLE PACKAGING - BEVERAGES - STRAW,-,DISPOSABLE TAKE AWAY PACKAGING,PCS,0.65,-,0.65,600,70.2,390,460.2,-,06-02-2026,600,70.2,390,460.2,-,318,06-02-2026,600,70.2,390,460.2,-,No,0,0.00,0,0,0,0,Received,
Warehouse NCR,Coffee Island Beyond GK II,Coffee Island GK Main  Store,04-02-2026,06-02-2026,IN73,Received,PKG0000024,,Food Wrapping Paper - Ci,CT_28,DISPOSABLE PACKAGING - BUTTER WRAPPING SHEETS,-,DISPOSABLE TAKE AWAY PACKAGING,PCS,1.1,-,1.1,500,99,550,649,-,06-02-2026,500,99,550,649,-,318,06-02-2026,500,99,550,649,-,No,0,0.00,0,0,0,0,Received,
Warehouse NCR,Coffee Island Beyond GK II,Coffee Island GK Main  Store,04-02-2026,06-02-2026,IN73,Received,RAW0000145,,J1 Matcha Powder,CT_48,RM BEVERAGES - POWDERS,-,RAW MATERIAL,PCS(20GM),126,-,126,10,63,1260,1323,-,06-02-2026,10,63,1260,1323,-,318,06-02-2026,10,63,1260,1323,-,No,0,0.00,0,0,0,0,Received,
Warehouse NCR,Coffee Island Beyond GK II,Coffee Island GK Main  Store,04-02-2026,06-02-2026,IN73,Received,PKG0000031,,Kitchen Roll 1 Kg,CT_30,DISPOSABLE PACKAGING - KITCHEN ROLL,-,DISPOSABLE TAKE AWAY PACKAGING,PCS..,115,-,115,6,124.2,690,814.2,-,06-02-2026,6,124.2,690,814.2,-,318,06-02-2026,6,124.2,690,814.2,-,No,0,0.00,0,0,0,0,Received,
Warehouse NCR,Coffee Island Beyond GK II,Coffee Island GK Main  Store,04-02-2026,06-02-2026,IN73,Received,PKG0000015,,Plastic Transparent Bowl,CT_25,DISPOSABLE PACKAGING - BEVERAGES - CUPS,-,DISPOSABLE TAKE AWAY PACKAGING,PCS,7.41,-,7.41,100,133.38,741,874.38,-,06-02-2026,100,133.38,741,874.38,-,318,06-02-2026,100,133.38,741,874.38,-,No,0,0.00,0,0,0,0,Received,
Warehouse NCR,Coffee Island Beyond GK II,Coffee Island GK Main  Store,04-02-2026,06-02-2026,IN73,Received,RAW0000024,,Protein Powder - Cookie & Cream,CT_48,RM BEVERAGES - POWDERS,-,RAW MATERIAL,KG,1460,-,1460,1,262.8,1460,1722.8,-,06-02-2026,1,262.8,1460,1722.8,-,318,06-02-2026,1,262.8,1460,1722.8,-,No,0,0.00,0,0,0,0,Received,
Warehouse NCR,Coffee Island Beyond GK II,Coffee Island GK Main  Store,04-02-2026,06-02-2026,IN73,Received,RAW0000023,,Protein Powder - Espresso,CT_48,RM BEVERAGES - POWDERS,-,RAW MATERIAL,KG,1450,-,1450,1,261,1450,1711,-,06-02-2026,1,261,1450,1711,-,318,06-02-2026,1,261,1450,1711,-,No,0,0.00,0,0,0,0,Received,
Warehouse NCR,Coffee Island Beyond GK II,Coffee Island GK Main  Store,04-02-2026,06-02-2026,IN73,Received,RAW0000170,,Strawberry Syrup 750 Ml,CT_49,RM BEVERAGES - SYRUP/SAUCE,-,RAW MATERIAL,BTL(750ML/983GM),407.55,-,407.55,2,40.76,815.1,855.86,-,06-02-2026,2,40.76,815.1,855.86,-,318,06-02-2026,2,40.76,815.1,855.86,-,No,0,0.00,0,0,0,0,Received,
Warehouse NCR,Coffee Island Beyond GK II,Coffee Island GK Main  Store,05-02-2026,06-02-2026,IN74,Received,CNC0000035,70131000,CI Boba Beverage Glassware 360ML,CT_17,GLASSWARE,-,CROCKERY & CUTLERY,PCS,52,-,52,24,224.64,1248,1472.64,-,06-02-2026,24,224.64,1248,1472.64,-,317,06-02-2026,24,224.64,1248,1472.64,-,No,0,0.00,0,0,0,0,Received,
Warehouse NCR,MSFT Hyd,Coffee Island - Microsoft Campus Main Store,05-02-2026,16-02-2026,IN28,Suspicious,RAW0000001,,Beans - Master Blend,CT_43,RM BEVERAGES - BEANS,-,RAW MATERIAL,KG,768.33,-,768.33,10,384.17,7683.3,8067.47,-,10-02-2026,10,384.17,7683.300000000001,8067.47,-,323,15-02-2026,10,384.17,7683.3,8067.47,-,No,0,0.00,0,0,0,0,Received,
Warehouse NCR,MSFT Hyd,Coffee Island - Microsoft Campus Main Store,05-02-2026,16-02-2026,IN28,Suspicious,RAW0000002,09011111,Beans - Volcano Blend,CT_43,RM BEVERAGES - BEANS,-,RAW MATERIAL,KG,812.4,-,812.4,30,1218.6,24372,25590.6,-,10-02-2026,30,1218.6,24372,25590.6,-,323,15-02-2026,30,1218.6,24372,25590.6,-,No,0,0.00,0,0,0,0,Received,
Warehouse NCR,MSFT Hyd,Coffee Island - Microsoft Campus Main Store,05-02-2026,16-02-2026,IN28,Suspicious,RAW0000025,21069050,Chocolate Powder - Hot,CT_48,RM BEVERAGES - POWDERS,-,RAW MATERIAL,KG,785,-,785,10,392.5,7850,8242.5,-,10-02-2026,10,392.5,7850,8242.5,-,323,15-02-2026,10,392.5,7850,8242.5,-,No,0,0.00,0,0,0,0,Received,
Warehouse NCR,MSFT Hyd,Coffee Island - Microsoft Campus Main Store,05-02-2026,16-02-2026,IN28,Suspicious,PKG0000016,39239020,Disposable - Lid (Cold) 12Oz - Dome,CT_23,DISPOSABLE PACKAGING - BEVERAGES - LIDS,-,DISPOSABLE TAKE AWAY PACKAGING,PCS,1.5,-,1.5,1000,270,1500,1770,-,10-02-2026,1000,270,1500,1770,-,323,15-02-2026,750,202.5,1125,1327.5,received damage,No,250,375,0,0,0,0,Suspicious,
Warehouse NCR,MSFT Hyd,Coffee Island - Microsoft Campus Main Store,05-02-2026,16-02-2026,IN28,Suspicious,PKG0000018,39239020,Disposable - Lid (Hot) 08Oz,CT_23,DISPOSABLE PACKAGING - BEVERAGES - LIDS,-,DISPOSABLE TAKE AWAY PACKAGING,PCS,2.4,-,2.4,1000,432,2400,2832,-,10-02-2026,1000,432,2400,2832,-,323,15-02-2026,1000,432,2400,2832,-,No,0,0.00,0,0,0,0,Received,
Warehouse NCR,MSFT Hyd,Coffee Island - Microsoft Campus Main Store,05-02-2026,16-02-2026,IN28,Suspicious,PKG0000012,48236900,Disposable - Paper Cup 08Oz,CT_25,DISPOSABLE PACKAGING - BEVERAGES - CUPS,-,DISPOSABLE TAKE AWAY PACKAGING,PCS,2.88,-,2.88,1500,777.6,4320,5097.6,-,10-02-2026,1500,777.6,4320,5097.6,-,323,15-02-2026,1500,777.6,4320,5097.6,-,No,0,0.00,0,0,0,0,Received,
Warehouse NCR,MSFT Hyd,Coffee Island - Microsoft Campus Main Store,05-02-2026,16-02-2026,IN28,Suspicious,PKG0000013,,Disposable - Paper Cup 12Oz,CT_25,DISPOSABLE PACKAGING - BEVERAGES - CUPS,-,DISPOSABLE TAKE AWAY PACKAGING,PCS,4.65,-,4.65,1200,1004.4,5580,6584.4,-,10-02-2026,1200,1004.4,5580,6584.4,-,323,15-02-2026,1175,983.48,5463.75,6447.23,damage received,No,25,116.25,0,0,0,0,Suspicious,
Warehouse NCR,MSFT Hyd,Coffee Island - Microsoft Campus Main Store,05-02-2026,16-02-2026,IN28,Suspicious,PKG0000020,39269099,Disposable - Straw - 08Mm,CT_26,DISPOSABLE PACKAGING - BEVERAGES - STRAW,-,DISPOSABLE TAKE AWAY PACKAGING,PCS,0.63,-,0.63,1000,113.4,630,743.4,paper straws with cover,10-02-2026,1000,113.4,630,743.4,-,323,15-02-2026,980,111.13,617.4,728.53,damage received,No,20,12.6,0,0,0,0,Suspicious,
Warehouse NCR,MSFT Hyd,Coffee Island - Microsoft Campus Main Store,05-02-2026,16-02-2026,IN28,Suspicious,PKG0000024,,Food Wrapping Paper - Ci,CT_28,DISPOSABLE PACKAGING - BUTTER WRAPPING SHEETS,-,DISPOSABLE TAKE AWAY PACKAGING,PCS,1.1,-,1.1,1000,198,1100,1298,-,10-02-2026,1000,198,1100,1298,-,323,15-02-2026,1000,198,1100,1298,-,No,0,0.00,0,0,0,0,Received,
Warehouse NCR,MSFT Hyd,Coffee Island - Microsoft Campus Main Store,05-02-2026,16-02-2026,IN28,Suspicious,RAW0000145,,J1 Matcha Powder,CT_48,RM BEVERAGES - POWDERS,-,RAW MATERIAL,PCS(20GM),126,-,126,10,63,1260,1323,-,10-02-2026,10,63,1260,1323,-,323,15-02-2026,10,63,1260,1323,-,No,0,0.00,0,0,0,0,Received,
Warehouse NCR,MSFT Hyd,Coffee Island - Microsoft Campus Main Store,05-02-2026,16-02-2026,IN28,Suspicious,UNI0000017,,Polo T-Shirt With Ci Logo - XXL,CT_82,UNIFORM - SHIRT/T SHIRT,-,UNIFORM,PCS,340,-,340,1,17,340,357,-,10-02-2026,0,-,0,0,-,,15-02-2026,0,-,0,0,-,No,0,0.00,0,0,0,0,Partial Received,
Warehouse NCR,MSFT Hyd,Coffee Island - Microsoft Campus Main Store,05-02-2026,16-02-2026,IN28,Suspicious,RAW0000024,,Protein Powder - Cookie & Cream,CT_48,RM BEVERAGES - POWDERS,-,RAW MATERIAL,KG,1460,-,1460,1,262.8,1460,1722.8,-,10-02-2026,0.5,131.4,730,861.4,-,323,15-02-2026,0.5,131.4,730,861.4,-,No,0,0.00,0,0,0,0,Partial Received,
Warehouse NCR,MSFT Hyd,Coffee Island - Microsoft Campus Main Store,05-02-2026,16-02-2026,IN28,Suspicious,RAW0000023,,Protein Powder - Espresso,CT_48,RM BEVERAGES - POWDERS,-,RAW MATERIAL,KG,1450,-,1450,3,783,4350,5133,-,10-02-2026,3,783,4350,5133,-,323,15-02-2026,3,783,4350,5133,-,No,0,0.00,0,0,0,0,Received,
Warehouse NCR,MSFT Hyd,Coffee Island - Microsoft Campus Main Store,05-02-2026,16-02-2026,IN28,Suspicious,RAW0000170,,Strawberry Syrup 750 Ml,CT_49,RM BEVERAGES - SYRUP/SAUCE,-,RAW MATERIAL,BTL(750ML/983GM),407.55,-,407.55,2,40.76,815.1,855.86,-,10-02-2026,2,40.76,815.1,855.86,-,323,15-02-2026,2,40.76,815.1,855.86,-,No,0,0.00,0,0,0,0,Received,
Warehouse NCR,MSFT Hyd,Coffee Island - Microsoft Campus Main Store,05-02-2026,16-02-2026,IN28,Suspicious,RAW0000050,,Syrup - Brown Butter,CT_49,RM BEVERAGES - SYRUP/SAUCE,-,RAW MATERIAL,BTL(700ML/910GM),560,-,560,2,56,1120,1176,-,10-02-2026,2,56,1120,1176,-,323,15-02-2026,2,56,1120,1176,-,No,0,0.00,0,0,0,0,Received,
Warehouse NCR,MSFT Hyd,Coffee Island - Microsoft Campus Main Store,05-02-2026,16-02-2026,IN28,Suspicious,RAW0000047,,Syrup- Roasted Hazelnut,CT_49,RM BEVERAGES - SYRUP/SAUCE,-,RAW MATERIAL,BTL(1L/1300GM),640,-,640,1,32,640,672,-,10-02-2026,1,32,640,672,-,323,15-02-2026,0,-,0,0,near to  expiry received,No,1,640,0,0,0,0,Suspicious,
Warehouse NCR,Coffee Island HQ-27,Coffee Island HQ-27 Main Store,09-02-2026,10-02-2026,IN59,Received,UNI0000036,,Blue Cap (Female),CT_81,UNIFORM - CAP/HEAD GEARS,-,UNIFORM,PCS.,250,-,250,1,12.5,250,262.5,-,09-02-2026,1,12.5,250,262.5,-,319,09-02-2026,1,12.5,250,262.5,-,No,0,0.00,0,0,0,0,Received,
Warehouse NCR,Coffee Island HQ-27,Coffee Island HQ-27 Main Store,09-02-2026,10-02-2026,IN59,Received,PKG0000011,,Disposable - Sealing Foil,CT_24,DISPOSABLE PACKAGING - BEVERAGES - CUP SEALING FOIL,-,DISPOSABLE TAKE AWAY PACKAGING,PCS..,1.1,-,1.1,1800,356.4,1980,2336.4,-,09-02-2026,1800,356.4,1980.0000000000002,2336.4,-,319,09-02-2026,1800,356.4,1980,2336.4,-,No,0,0.00,0,0,0,0,Received,
Warehouse NCR,Coffee Island NSP - New Delhi,Coffee Island NSP - Main Store,09-02-2026,10-02-2026,IN24,Received,PKG0000001,48239090,Disposable - Cutlery Sleeve,CT_18,DISPOSABLE CUTLERY - CUTLERY POUCH,-,DISPOSABLE TAKE AWAY PACKAGING,PCS,1.1,-,1.1,100,19.8,110,129.8,-,09-02-2026,100,19.8,110.00000000000001,129.8,-,320,11-02-2026,100,19.8,110,129.8,-,No,0,0.00,0,0,0,0,Received,
Warehouse NCR,Coffee Island NSP - New Delhi,Coffee Island NSP - Main Store,09-02-2026,10-02-2026,IN24,Received,PKG0000011,,Disposable - Sealing Foil,CT_24,DISPOSABLE PACKAGING - BEVERAGES - CUP SEALING FOIL,-,DISPOSABLE TAKE AWAY PACKAGING,PCS..,1.1,-,1.1,500,99,550,649,-,09-02-2026,500,99,550,649,-,320,11-02-2026,500,99,550,649,-,No,0,0.00,0,0,0,0,Received,
Warehouse NCR,Coffee Island NSP - New Delhi,Coffee Island NSP - Main Store,09-02-2026,10-02-2026,IN24,Received,PKG0000006,,Yellow Carry Bag Small - Ci,CT_21,DISPOSABLE PACKAGING - ACCESSORIES - CARRY BAG,-,DISPOSABLE TAKE AWAY PACKAGING,PCS,6.9,-,6.9,300,372.6,2070,2442.6,-,09-02-2026,300,372.6,2070,2442.6,-,320,11-02-2026,300,372.6,2070,2442.6,-,No,0,0.00,0,0,0,0,Received,
Warehouse NCR,Coffee Island HQ-27,Coffee Island HQ-27 Main Store,09-02-2026,10-02-2026,IN60,Received,RAW0000004,,Beans - Ethiopian Blend,CT_43,RM BEVERAGES - BEANS,-,RAW MATERIAL,KG,1063.33,-,1063.33,1,53.17,1063.33,1116.5,-,09-02-2026,1,53.17,1063.33,1116.5,-,322,11-02-2026,1,53.17,1063.33,1116.5,-,No,0,0.00,0,0,0,0,Received,
Warehouse NCR,Coffee Island HQ-27,Coffee Island HQ-27 Main Store,09-02-2026,10-02-2026,IN60,Received,RAW0000005,,Beans - Ethiopian Single Estate,CT_43,RM BEVERAGES - BEANS,-,RAW MATERIAL,KG,3013.33,-,3013.33,1,150.67,3013.33,3164,-,09-02-2026,1,150.67,3013.33,3164,-,322,11-02-2026,1,150.67,3013.33,3164,-,No,0,0.00,0,0,0,0,Received,
Warehouse NCR,Coffee Island HQ-27,Coffee Island HQ-27 Main Store,09-02-2026,10-02-2026,IN60,Received,RAW0000003,,Beans - Kenya Blend,CT_43,RM BEVERAGES - BEANS,-,RAW MATERIAL,KG,1093.33,-,1093.33,1,54.67,1093.33,1148,-,09-02-2026,1,54.67,1093.33,1148,-,322,11-02-2026,1,54.67,1093.33,1148,-,No,0,0.00,0,0,0,0,Received,
Warehouse NCR,Coffee Island HQ-27,Coffee Island HQ-27 Main Store,09-02-2026,10-02-2026,IN60,Received,RAW0000006,,Beans - Kenya Single Estate,CT_43,RM BEVERAGES - BEANS,-,RAW MATERIAL,KG,3463.33,-,3463.33,1,173.17,3463.33,3636.5,-,09-02-2026,1,173.17,3463.3300000000004,3636.5,-,322,11-02-2026,1,173.17,3463.33,3636.5,-,No,0,0.00,0,0,0,0,Received,
Warehouse NCR,Coffee Island HQ-27,Coffee Island HQ-27 Main Store,09-02-2026,10-02-2026,IN60,Received,RAW0000001,,Beans - Master Blend,CT_43,RM BEVERAGES - BEANS,-,RAW MATERIAL,KG,798.33,-,798.33,15,598.75,11974.95,12573.7,-,09-02-2026,15,598.75,11974.949999999999,12573.7,-,322,11-02-2026,15,598.75,11974.95,12573.7,-,No,0,0.00,0,0,0,0,Received,
Warehouse NCR,Coffee Island HQ-27,Coffee Island HQ-27 Main Store,09-02-2026,10-02-2026,IN60,Received,RAW0000002,09011111,Beans - Volcano Blend,CT_43,RM BEVERAGES - BEANS,-,RAW MATERIAL,KG,812.4,-,812.4,30,1218.6,24372,25590.6,-,09-02-2026,30,1218.6,24372,25590.6,-,322,11-02-2026,30,1218.6,24372,25590.6,-,No,0,0.00,0,0,0,0,Received,
Warehouse NCR,Coffee Island HQ-27,Coffee Island HQ-27 Main Store,09-02-2026,10-02-2026,IN60,Received,PKG0000036,,Coffee Island MRD Sticker,-,DISPOSABLE PACKAGING - ACCESSORIES - STICKERS,03,DISPOSABLE TAKE AWAY PACKAGING,PCS,0.35,-,0.35,220,13.86,77,90.86,-,09-02-2026,220,13.86,77,90.86,-,322,11-02-2026,220,13.86,77,90.86,-,No,0,0.00,0,0,0,0,Received,
Warehouse NCR,Coffee Island HQ-27,Coffee Island HQ-27 Main Store,09-02-2026,10-02-2026,IN60,Received,PKG0000009,48236900,Disposable - Cup Holder,CT_22,DISPOSABLE PACKAGING - ACCESSORIES - CUP HOLDER,-,DISPOSABLE TAKE AWAY PACKAGING,PCS,1.7,-,1.7,1500,459,2550,3009,-,09-02-2026,1500,459,2550,3009,-,322,11-02-2026,1500,459,2550,3009,-,No,0,0.00,0,0,0,0,Received,
Warehouse NCR,Coffee Island HQ-27,Coffee Island HQ-27 Main Store,09-02-2026,10-02-2026,IN60,Received,PKG0000018,39239020,Disposable - Lid (Hot) 08Oz,CT_23,DISPOSABLE PACKAGING - BEVERAGES - LIDS,-,DISPOSABLE TAKE AWAY PACKAGING,PCS,2.4,-,2.4,500,216,1200,1416,-,09-02-2026,500,216,1200,1416,-,322,11-02-2026,500,216,1200,1416,-,No,0,0.00,0,0,0,0,Received,
Warehouse NCR,Coffee Island HQ-27,Coffee Island HQ-27 Main Store,09-02-2026,10-02-2026,IN60,Received,PKG0000013,,Disposable - Paper Cup 12Oz,CT_25,DISPOSABLE PACKAGING - BEVERAGES - CUPS,-,DISPOSABLE TAKE AWAY PACKAGING,PCS,4.65,-,4.65,300,251.1,1395,1646.1,-,09-02-2026,300,251.1,1395,1646.1,-,322,11-02-2026,300,251.1,1395,1646.1,-,No,0,0.00,0,0,0,0,Received,
Warehouse NCR,Coffee Island HQ-27,Coffee Island HQ-27 Main Store,09-02-2026,10-02-2026,IN60,Received,PKG0000023,44190010,Disposable - Stirrer,CT_27,DISPOSABLE PACKAGING - BEVERAGES - WOODEN STIRRER,-,DISPOSABLE TAKE AWAY PACKAGING,PCS..,0.11,-,0.11,1000,5.5,110,115.5,-,09-02-2026,1000,5.5,110,115.5,-,322,11-02-2026,1000,5.5,110,115.5,-,No,0,0.00,0,0,0,0,Received,
Warehouse NCR,Coffee Island HQ-27,Coffee Island HQ-27 Main Store,09-02-2026,10-02-2026,IN60,Received,PKG0000020,39269099,Disposable - Straw - 08Mm,CT_26,DISPOSABLE PACKAGING - BEVERAGES - STRAW,-,DISPOSABLE TAKE AWAY PACKAGING,PCS,0.63,-,0.63,1000,113.4,630,743.4,-,09-02-2026,1000,113.4,630,743.4,-,322,11-02-2026,1000,113.4,630,743.4,-,No,0,0.00,0,0,0,0,Received,
Warehouse NCR,Coffee Island HQ-27,Coffee Island HQ-27 Main Store,09-02-2026,10-02-2026,IN60,Received,PKG0000021,,Disposable - Straw - 12Mm,CT_26,DISPOSABLE PACKAGING - BEVERAGES - STRAW,-,DISPOSABLE TAKE AWAY PACKAGING,PCS,1,-,1,400,72,400,472,with Sleeves.,09-02-2026,400,72,400,472,-,322,11-02-2026,400,72,400,472,-,No,0,0.00,0,0,0,0,Received,
Warehouse NCR,Coffee Island HQ-27,Coffee Island HQ-27 Main Store,09-02-2026,10-02-2026,IN60,Received,PKG0000032,,Disposable - Tissue Paper,CT_31,DISPOSABLE PACKAGING - TISSUE PAPER,-,DISPOSABLE TAKE AWAY PACKAGING,PCS,0.39,-,0.39,4000,280.8,1560,1840.8,-,09-02-2026,4000,280.8,1560,1840.8,-,322,11-02-2026,4000,280.8,1560,1840.8,-,No,0,0.00,0,0,0,0,Received,
Warehouse NCR,Coffee Island HQ-27,Coffee Island HQ-27 Main Store,09-02-2026,10-02-2026,IN60,Received,PKG0000024,,Food Wrapping Paper - Ci,CT_28,DISPOSABLE PACKAGING - BUTTER WRAPPING SHEETS,-,DISPOSABLE TAKE AWAY PACKAGING,PCS,1.1,-,1.1,500,99,550,649,-,09-02-2026,500,99,550,649,-,322,11-02-2026,500,99,550,649,-,No,0,0.00,0,0,0,0,Received,
Warehouse NCR,Coffee Island HQ-27,Coffee Island HQ-27 Main Store,09-02-2026,10-02-2026,IN60,Received,RAW0000145,,J1 Matcha Powder,CT_48,RM BEVERAGES - POWDERS,-,RAW MATERIAL,PCS(20GM),126,-,126,5,31.5,630,661.5,-,09-02-2026,5,31.5,630,661.5,-,322,11-02-2026,5,31.5,630,661.5,-,No,0,0.00,0,0,0,0,Received,
Warehouse NCR,Coffee Island HQ-27,Coffee Island HQ-27 Main Store,09-02-2026,10-02-2026,IN60,Received,PKG0000031,,Kitchen Roll 1 Kg,CT_30,DISPOSABLE PACKAGING - KITCHEN ROLL,-,DISPOSABLE TAKE AWAY PACKAGING,PCS..,115,-,115,8,165.6,920,1085.6,-,09-02-2026,8,165.6,920,1085.6,-,322,11-02-2026,8,165.6,920,1085.6,-,No,0,0.00,0,0,0,0,Received,
Warehouse NCR,Coffee Island HQ-27,Coffee Island HQ-27 Main Store,09-02-2026,10-02-2026,IN60,Received,PKG0000015,,Plastic Transparent Bowl,CT_25,DISPOSABLE PACKAGING - BEVERAGES - CUPS,-,DISPOSABLE TAKE AWAY PACKAGING,PCS,7.41,-,7.41,200,266.76,1482,1748.76,-,09-02-2026,200,266.76,1482,1748.76,-,322,11-02-2026,200,266.76,1482,1748.76,-,No,0,0.00,0,0,0,0,Received,
Warehouse NCR,Coffee Island HQ-27,Coffee Island HQ-27 Main Store,09-02-2026,10-02-2026,IN60,Received,RAW0000023,,Protein Powder - Espresso,CT_48,RM BEVERAGES - POWDERS,-,RAW MATERIAL,KG,1450,-,1450,1,261,1450,1711,-,09-02-2026,1,261,1450,1711,-,322,11-02-2026,1,261,1450,1711,-,No,0,0.00,0,0,0,0,Received,
Warehouse NCR,Coffee Island HQ-27,Coffee Island HQ-27 Main Store,09-02-2026,10-02-2026,IN60,Received,RAW0000170,,Strawberry Syrup 750 Ml,CT_49,RM BEVERAGES - SYRUP/SAUCE,-,RAW MATERIAL,BTL(750ML/983GM),407.55,-,407.55,1,20.38,407.55,427.93,-,09-02-2026,1,20.38,407.55,427.93,-,322,11-02-2026,1,20.38,407.55,427.93,-,No,0,0.00,0,0,0,0,Received,
Warehouse NCR,Coffee Island HQ-27,Coffee Island HQ-27 Main Store,09-02-2026,10-02-2026,IN60,Received,PKG0000006,,Yellow Carry Bag Small - Ci,CT_21,DISPOSABLE PACKAGING - ACCESSORIES - CARRY BAG,-,DISPOSABLE TAKE AWAY PACKAGING,PCS,6.9,-,6.9,500,621,3450,4071,-,09-02-2026,500,621,3450,4071,-,322,11-02-2026,500,621,3450,4071,-,No,0,0.00,0,0,0,0,Received,
Warehouse NCR,Coffee Island AIPL,Coffee Island AIPL Main Store,09-02-2026,10-02-2026,IN42,Received,RAW0000004,,Beans - Ethiopian Blend,CT_43,RM BEVERAGES - BEANS,-,RAW MATERIAL,KG,1063.33,-,1063.33,1,53.17,1063.33,1116.5,-,09-02-2026,1,53.17,1063.33,1116.5,-,321,11-02-2026,1,53.17,1063.33,1116.5,-,No,0,0.00,0,0,0,0,Received,
Warehouse NCR,Coffee Island AIPL,Coffee Island AIPL Main Store,09-02-2026,10-02-2026,IN42,Received,RAW0000005,,Beans - Ethiopian Single Estate,CT_43,RM BEVERAGES - BEANS,-,RAW MATERIAL,KG,3013.33,-,3013.33,1,150.67,3013.33,3164,-,09-02-2026,1,150.67,3013.33,3164,-,321,11-02-2026,1,150.67,3013.33,3164,-,No,0,0.00,0,0,0,0,Received,
Warehouse NCR,Coffee Island AIPL,Coffee Island AIPL Main Store,09-02-2026,10-02-2026,IN42,Received,RAW0000003,,Beans - Kenya Blend,CT_43,RM BEVERAGES - BEANS,-,RAW MATERIAL,KG,1093.33,-,1093.33,1,54.67,1093.33,1148,-,09-02-2026,1,54.67,1093.33,1148,-,321,11-02-2026,1,54.67,1093.33,1148,-,No,0,0.00,0,0,0,0,Received,
Warehouse NCR,Coffee Island AIPL,Coffee Island AIPL Main Store,09-02-2026,10-02-2026,IN42,Received,RAW0000006,,Beans - Kenya Single Estate,CT_43,RM BEVERAGES - BEANS,-,RAW MATERIAL,KG,3463.33,-,3463.33,1,173.17,3463.33,3636.5,-,09-02-2026,1,173.17,3463.3300000000004,3636.5,-,321,11-02-2026,1,173.17,3463.33,3636.5,-,No,0,0.00,0,0,0,0,Received,
Warehouse NCR,Coffee Island AIPL,Coffee Island AIPL Main Store,09-02-2026,10-02-2026,IN42,Received,RAW0000001,,Beans - Master Blend,CT_43,RM BEVERAGES - BEANS,-,RAW MATERIAL,KG,798.33,-,798.33,10,399.17,7983.3,8382.47,-,09-02-2026,10,399.17,7983.3,8382.47,-,321,11-02-2026,10,399.17,7983.3,8382.47,-,No,0,0.00,0,0,0,0,Received,
Warehouse NCR,Coffee Island AIPL,Coffee Island AIPL Main Store,09-02-2026,10-02-2026,IN42,Received,RAW0000002,09011111,Beans - Volcano Blend,CT_43,RM BEVERAGES - BEANS,-,RAW MATERIAL,KG,812.4,-,812.4,30,1218.6,24372,25590.6,-,09-02-2026,30,1218.6,24372,25590.6,-,321,11-02-2026,30,1218.6,24372,25590.6,-,No,0,0.00,0,0,0,0,Received,
Warehouse NCR,Coffee Island AIPL,Coffee Island AIPL Main Store,09-02-2026,10-02-2026,IN42,Received,PKG0000009,48236900,Disposable - Cup Holder,CT_22,DISPOSABLE PACKAGING - ACCESSORIES - CUP HOLDER,-,DISPOSABLE TAKE AWAY PACKAGING,PCS,1.7,-,1.7,1000,306,1700,2006,-,09-02-2026,1000,306,1700,2006,-,321,11-02-2026,1000,306,1700,2006,-,No,0,0.00,0,0,0,0,Received,
Warehouse NCR,Coffee Island AIPL,Coffee Island AIPL Main Store,09-02-2026,10-02-2026,IN42,Received,PKG0000018,39239020,Disposable - Lid (Hot) 08Oz,CT_23,DISPOSABLE PACKAGING - BEVERAGES - LIDS,-,DISPOSABLE TAKE AWAY PACKAGING,PCS,2.4,-,2.4,500,216,1200,1416,-,09-02-2026,500,216,1200,1416,-,321,11-02-2026,500,216,1200,1416,-,No,0,0.00,0,0,0,0,Received,
Warehouse NCR,Coffee Island AIPL,Coffee Island AIPL Main Store,09-02-2026,10-02-2026,IN42,Received,PKG0000012,48236900,Disposable - Paper Cup 08Oz,CT_25,DISPOSABLE PACKAGING - BEVERAGES - CUPS,-,DISPOSABLE TAKE AWAY PACKAGING,PCS,2.88,-,2.88,600,311.04,1728,2039.04,-,09-02-2026,600,311.04,1728,2039.04,-,321,11-02-2026,600,311.04,1728,2039.04,-,No,0,0.00,0,0,0,0,Received,
Warehouse NCR,Coffee Island AIPL,Coffee Island AIPL Main Store,09-02-2026,10-02-2026,IN42,Received,PKG0000011,,Disposable - Sealing Foil,CT_24,DISPOSABLE PACKAGING - BEVERAGES - CUP SEALING FOIL,-,DISPOSABLE TAKE AWAY PACKAGING,PCS..,1.1,-,1.1,500,99,550,649,-,09-02-2026,500,99,550,649,-,321,11-02-2026,500,99,550,649,-,No,0,0.00,0,0,0,0,Received,
Warehouse NCR,Coffee Island AIPL,Coffee Island AIPL Main Store,09-02-2026,10-02-2026,IN42,Received,PKG0000023,44190010,Disposable - Stirrer,CT_27,DISPOSABLE PACKAGING - BEVERAGES - WOODEN STIRRER,-,DISPOSABLE TAKE AWAY PACKAGING,PCS..,0.11,-,0.11,1000,5.5,110,115.5,-,09-02-2026,1000,5.5,110,115.5,-,321,11-02-2026,1000,5.5,110,115.5,-,No,0,0.00,0,0,0,0,Received,
Warehouse NCR,Coffee Island AIPL,Coffee Island AIPL Main Store,09-02-2026,10-02-2026,IN42,Received,PKG0000021,,Disposable - Straw - 12Mm,CT_26,DISPOSABLE PACKAGING - BEVERAGES - STRAW,-,DISPOSABLE TAKE AWAY PACKAGING,PCS,1,-,1,200,36,200,236,-,09-02-2026,200,36,200,236,-,321,11-02-2026,200,36,200,236,-,No,0,0.00,0,0,0,0,Received,
Warehouse NCR,Coffee Island AIPL,Coffee Island AIPL Main Store,09-02-2026,10-02-2026,IN42,Received,PKG0000032,,Disposable - Tissue Paper,CT_31,DISPOSABLE PACKAGING - TISSUE PAPER,-,DISPOSABLE TAKE AWAY PACKAGING,PCS,0.39,-,0.39,2000,140.4,780,920.4,-,09-02-2026,2000,140.4,780,920.4,-,321,11-02-2026,2000,140.4,780,920.4,-,No,0,0.00,0,0,0,0,Received,
Warehouse NCR,Coffee Island AIPL,Coffee Island AIPL Main Store,09-02-2026,10-02-2026,IN42,Received,PKG0000024,,Food Wrapping Paper - Ci,CT_28,DISPOSABLE PACKAGING - BUTTER WRAPPING SHEETS,-,DISPOSABLE TAKE AWAY PACKAGING,PCS,1.1,-,1.1,500,99,550,649,-,09-02-2026,500,99,550,649,-,321,11-02-2026,500,99,550,649,-,No,0,0.00,0,0,0,0,Received,
Warehouse NCR,Coffee Island AIPL,Coffee Island AIPL Main Store,09-02-2026,10-02-2026,IN42,Received,PKG0000031,,Kitchen Roll 1 Kg,CT_30,DISPOSABLE PACKAGING - KITCHEN ROLL,-,DISPOSABLE TAKE AWAY PACKAGING,PCS..,115,-,115,5,103.5,575,678.5,-,09-02-2026,5,103.5,575,678.5,-,321,11-02-2026,5,103.5,575,678.5,-,No,0,0.00,0,0,0,0,Received,
Warehouse NCR,Coffee Island AIPL,Coffee Island AIPL Main Store,09-02-2026,10-02-2026,IN42,Received,PKG0000015,,Plastic Transparent Bowl,CT_25,DISPOSABLE PACKAGING - BEVERAGES - CUPS,-,DISPOSABLE TAKE AWAY PACKAGING,PCS,7.41,-,7.41,200,266.76,1482,1748.76,-,09-02-2026,200,266.76,1482,1748.76,-,321,11-02-2026,200,266.76,1482,1748.76,-,No,0,0.00,0,0,0,0,Received,
Warehouse NCR,Coffee Island AIPL,Coffee Island AIPL Main Store,09-02-2026,10-02-2026,IN42,Received,PKG0000006,,Yellow Carry Bag Small - Ci,CT_21,DISPOSABLE PACKAGING - ACCESSORIES - CARRY BAG,-,DISPOSABLE TAKE AWAY PACKAGING,PCS,6.9,-,6.9,500,621,3450,4071,-,09-02-2026,500,621,3450,4071,-,321,11-02-2026,500,621,3450,4071,-,No,0,0.00,0,0,0,0,Received,
Warehouse NCR,Coffee Island Beyond GK II,Coffee Island GK Main  Store,10-02-2026,11-02-2026,IN75,Received,RAW0000004,,Beans - Ethiopian Blend,CT_43,RM BEVERAGES - BEANS,-,RAW MATERIAL,KG,1063.33,-,1063.33,2,106.33,2126.66,2232.99,-,10-02-2026,2,106.33,2126.66,2232.99,-,325,11-02-2026,2,106.33,2126.66,2232.99,-,No,0,0.00,0,0,0,0,Received,
Warehouse NCR,Coffee Island Beyond GK II,Coffee Island GK Main  Store,10-02-2026,11-02-2026,IN75,Received,RAW0000005,,Beans - Ethiopian Single Estate,CT_43,RM BEVERAGES - BEANS,-,RAW MATERIAL,KG,3013.33,-,3013.33,0.5,75.33,1506.67,1582,-,10-02-2026,0.5,75.33,1506.665,1582,-,325,11-02-2026,0.5,75.33,1506.67,1582,-,No,0,0.00,0,0,0,0,Received,
Warehouse NCR,Coffee Island Beyond GK II,Coffee Island GK Main  Store,10-02-2026,11-02-2026,IN75,Received,RAW0000001,,Beans - Master Blend,CT_43,RM BEVERAGES - BEANS,-,RAW MATERIAL,KG,798.33,-,798.33,10,399.17,7983.3,8382.47,-,10-02-2026,10,399.17,7983.3,8382.47,-,325,11-02-2026,10,399.17,7983.3,8382.47,-,No,0,0.00,0,0,0,0,Received,
Warehouse NCR,Coffee Island Beyond GK II,Coffee Island GK Main  Store,10-02-2026,11-02-2026,IN75,Received,RAW0000002,09011111,Beans - Volcano Blend,CT_43,RM BEVERAGES - BEANS,-,RAW MATERIAL,KG,812.4,-,812.4,40,1624.8,32496,34120.8,-,10-02-2026,40,1624.8,32496,34120.8,-,325,11-02-2026,40,1624.8,32496,34120.8,-,No,0,0.00,0,0,0,0,Received,
Warehouse NCR,Coffee Island Beyond GK II,Coffee Island GK Main  Store,10-02-2026,11-02-2026,IN75,Received,PKG0000036,,Coffee Island MRD Sticker,-,DISPOSABLE PACKAGING - ACCESSORIES - STICKERS,03,DISPOSABLE TAKE AWAY PACKAGING,PCS,0.35,-,0.35,1000,63,350,413,-,10-02-2026,990,62.37,346.5,408.87,-,325,11-02-2026,990,62.37,346.5,408.87,-,No,0,0.00,0,0,0,0,Received,
Warehouse NCR,Coffee Island Beyond GK II,Coffee Island GK Main  Store,10-02-2026,11-02-2026,IN75,Received,PKG0000009,48236900,Disposable - Cup Holder,CT_22,DISPOSABLE PACKAGING - ACCESSORIES - CUP HOLDER,-,DISPOSABLE TAKE AWAY PACKAGING,PCS,1.7,-,1.7,600,183.6,1020,1203.6,-,10-02-2026,600,183.6,1020,1203.6,-,325,11-02-2026,600,183.6,1020,1203.6,-,No,0,0.00,0,0,0,0,Received,
Warehouse NCR,Coffee Island Beyond GK II,Coffee Island GK Main  Store,10-02-2026,11-02-2026,IN75,Received,PKG0000018,39239020,Disposable - Lid (Hot) 08Oz,CT_23,DISPOSABLE PACKAGING - BEVERAGES - LIDS,-,DISPOSABLE TAKE AWAY PACKAGING,PCS,2.4,-,2.4,200,86.4,480,566.4,-,10-02-2026,200,86.4,480,566.4,-,325,11-02-2026,200,86.4,480,566.4,-,No,0,0.00,0,0,0,0,Received,
Warehouse NCR,Coffee Island Beyond GK II,Coffee Island GK Main  Store,10-02-2026,11-02-2026,IN75,Received,PKG0000029,,Disposable - Paper Bowl (1000Ml),CT_29,DISPOSABLE PACKAGING - FOOD - FOOD BOX,-,DISPOSABLE TAKE AWAY PACKAGING,PCS,7.5,-,7.5,200,270,1500,1770,-,10-02-2026,200,270,1500,1770,-,325,11-02-2026,200,270,1500,1770,-,No,0,0.00,0,0,0,0,Received,
Warehouse NCR,Coffee Island Beyond GK II,Coffee Island GK Main  Store,10-02-2026,11-02-2026,IN75,Received,PKG0000012,48236900,Disposable - Paper Cup 08Oz,CT_25,DISPOSABLE PACKAGING - BEVERAGES - CUPS,-,DISPOSABLE TAKE AWAY PACKAGING,PCS,2.88,-,2.88,400,207.36,1152,1359.36,-,10-02-2026,400,207.36,1152,1359.36,-,325,11-02-2026,400,207.36,1152,1359.36,-,No,0,0.00,0,0,0,0,Received,
Warehouse NCR,Coffee Island Beyond GK II,Coffee Island GK Main  Store,10-02-2026,11-02-2026,IN75,Received,PKG0000013,,Disposable - Paper Cup 12Oz,CT_25,DISPOSABLE PACKAGING - BEVERAGES - CUPS,-,DISPOSABLE TAKE AWAY PACKAGING,PCS,4.65,-,4.65,400,334.8,1860,2194.8,-,10-02-2026,400,334.8,1860.0000000000002,2194.8,-,325,11-02-2026,400,334.8,1860,2194.8,-,No,0,0.00,0,0,0,0,Received,
Warehouse NCR,Coffee Island Beyond GK II,Coffee Island GK Main  Store,10-02-2026,11-02-2026,IN75,Received,PKG0000023,44190010,Disposable - Stirrer,CT_27,DISPOSABLE PACKAGING - BEVERAGES - WOODEN STIRRER,-,DISPOSABLE TAKE AWAY PACKAGING,PCS..,0.11,-,0.11,1000,5.5,110,115.5,-,10-02-2026,1000,5.5,110,115.5,-,325,11-02-2026,1000,5.5,110,115.5,-,No,0,0.00,0,0,0,0,Received,
Warehouse NCR,Coffee Island Beyond GK II,Coffee Island GK Main  Store,10-02-2026,11-02-2026,IN75,Received,PKG0000020,39269099,Disposable - Straw - 08Mm,CT_26,DISPOSABLE PACKAGING - BEVERAGES - STRAW,-,DISPOSABLE TAKE AWAY PACKAGING,PCS,0.63,-,0.63,600,68.04,378,446.04,-,10-02-2026,600,68.04,378,446.04,-,325,11-02-2026,600,68.04,378,446.04,-,No,0,0.00,0,0,0,0,Received,
Warehouse NCR,Coffee Island Beyond GK II,Coffee Island GK Main  Store,10-02-2026,11-02-2026,IN75,Received,PKG0000021,,Disposable - Straw - 12Mm,CT_26,DISPOSABLE PACKAGING - BEVERAGES - STRAW,-,DISPOSABLE TAKE AWAY PACKAGING,PCS,1,-,1,400,72,400,472,-,10-02-2026,400,72,400,472,-,325,11-02-2026,400,72,400,472,-,No,0,0.00,0,0,0,0,Received,
Warehouse NCR,Coffee Island Beyond GK II,Coffee Island GK Main  Store,10-02-2026,11-02-2026,IN75,Received,PKG0000032,,Disposable - Tissue Paper,CT_31,DISPOSABLE PACKAGING - TISSUE PAPER,-,DISPOSABLE TAKE AWAY PACKAGING,PCS,0.39,-,0.39,4000,280.8,1560,1840.8,-,10-02-2026,4000,280.8,1560,1840.8,-,325,11-02-2026,4000,280.8,1560,1840.8,-,No,0,0.00,0,0,0,0,Received,
Warehouse NCR,Coffee Island Beyond GK II,Coffee Island GK Main  Store,10-02-2026,11-02-2026,IN75,Received,PKG0000004,82159900,Disposable - Wooden Spoon,CT_20,DISPOSABLE CUTLERY - WOODEN SPOON,-,DISPOSABLE TAKE AWAY PACKAGING,PCS,0.65,-,0.65,200,6.5,130,136.5,-,10-02-2026,200,6.5,130,136.5,-,325,11-02-2026,200,6.5,130,136.5,-,No,0,0.00,0,0,0,0,Received,
Warehouse NCR,Coffee Island Beyond GK II,Coffee Island GK Main  Store,10-02-2026,11-02-2026,IN75,Received,PKG0000024,,Food Wrapping Paper - Ci,CT_28,DISPOSABLE PACKAGING - BUTTER WRAPPING SHEETS,-,DISPOSABLE TAKE AWAY PACKAGING,PCS,1.1,-,1.1,500,99,550,649,-,10-02-2026,500,99,550,649,-,325,11-02-2026,500,99,550,649,-,No,0,0.00,0,0,0,0,Received,
Warehouse NCR,Coffee Island Beyond GK II,Coffee Island GK Main  Store,10-02-2026,11-02-2026,IN75,Received,PKG0000031,,Kitchen Roll 1 Kg,CT_30,DISPOSABLE PACKAGING - KITCHEN ROLL,-,DISPOSABLE TAKE AWAY PACKAGING,PCS..,115,-,115,8,165.6,920,1085.6,-,10-02-2026,8,165.6,920,1085.6,-,325,11-02-2026,8,165.6,920,1085.6,-,No,0,0.00,0,0,0,0,Received,
Warehouse NCR,Coffee Island Beyond GK II,Coffee Island GK Main  Store,10-02-2026,11-02-2026,IN75,Received,PKG0000030,,Lid For 1000 Ml Container,CT_29,DISPOSABLE PACKAGING - FOOD - FOOD BOX,-,DISPOSABLE TAKE AWAY PACKAGING,PCS,2.75,-,2.75,200,99,550,649,-,10-02-2026,200,99,550,649,-,325,11-02-2026,200,99,550,649,-,No,0,0.00,0,0,0,0,Received,
Warehouse NCR,Coffee Island Beyond GK II,Coffee Island GK Main  Store,10-02-2026,11-02-2026,IN75,Received,PKG0000015,,Plastic Transparent Bowl,CT_25,DISPOSABLE PACKAGING - BEVERAGES - CUPS,-,DISPOSABLE TAKE AWAY PACKAGING,PCS,7.41,-,7.41,100,133.38,741,874.38,-,10-02-2026,100,133.38,741,874.38,-,325,11-02-2026,100,133.38,741,874.38,-,No,0,0.00,0,0,0,0,Received,
Warehouse NCR,Coffee Island NSP - New Delhi,Coffee Island NSP - Main Store,10-02-2026,11-02-2026,IN25,Received,RAW0000004,,Beans - Ethiopian Blend,CT_43,RM BEVERAGES - BEANS,-,RAW MATERIAL,KG,1063.33,-,1063.33,1,53.17,1063.33,1116.5,-,10-02-2026,1,53.17,1063.33,1116.5,-,324,11-02-2026,1,53.17,1063.33,1116.5,-,No,0,0.00,0,0,0,0,Received,
Warehouse NCR,Coffee Island NSP - New Delhi,Coffee Island NSP - Main Store,10-02-2026,11-02-2026,IN25,Received,RAW0000003,,Beans - Kenya Blend,CT_43,RM BEVERAGES - BEANS,-,RAW MATERIAL,KG,1093.33,-,1093.33,1,54.67,1093.33,1148,-,10-02-2026,1,54.67,1093.33,1148,-,324,11-02-2026,1,54.67,1093.33,1148,-,No,0,0.00,0,0,0,0,Received,
Warehouse NCR,Coffee Island NSP - New Delhi,Coffee Island NSP - Main Store,10-02-2026,11-02-2026,IN25,Received,RAW0000001,,Beans - Master Blend,CT_43,RM BEVERAGES - BEANS,-,RAW MATERIAL,KG,798.33,-,798.33,10,399.17,7983.3,8382.47,-,10-02-2026,10,399.17,7983.3,8382.47,-,324,11-02-2026,10,399.17,7983.3,8382.47,-,No,0,0.00,0,0,0,0,Received,
Warehouse NCR,Coffee Island NSP - New Delhi,Coffee Island NSP - Main Store,10-02-2026,11-02-2026,IN25,Received,RAW0000002,09011111,Beans - Volcano Blend,CT_43,RM BEVERAGES - BEANS,-,RAW MATERIAL,KG,812.4,-,812.4,40,1624.8,32496,34120.8,-,10-02-2026,40,1624.8,32496,34120.8,-,324,11-02-2026,40,1624.8,32496,34120.8,-,No,0,0.00,0,0,0,0,Received,
Warehouse NCR,Coffee Island NSP - New Delhi,Coffee Island NSP - Main Store,10-02-2026,11-02-2026,IN25,Received,CNC0000035,70131000,CI Boba Beverage Glassware 360ML,CT_17,GLASSWARE,-,CROCKERY & CUTLERY,PCS,56,-,56,12,120.96,672,792.96,-,10-02-2026,12,120.96,672,792.96,-,324,11-02-2026,12,120.96,672,792.96,-,No,0,0.00,0,0,0,0,Received,
Warehouse NCR,Coffee Island NSP - New Delhi,Coffee Island NSP - Main Store,10-02-2026,11-02-2026,IN25,Received,PKG0000036,,Coffee Island MRD Sticker,-,DISPOSABLE PACKAGING - ACCESSORIES - STICKERS,03,DISPOSABLE TAKE AWAY PACKAGING,PCS,0.35,-,0.35,200,12.6,70,82.6,-,10-02-2026,220,13.86,77,90.86,-,324,11-02-2026,220,13.86,77,90.86,-,No,0,0.00,0,0,0,0,Received,
Warehouse NCR,Coffee Island NSP - New Delhi,Coffee Island NSP - Main Store,10-02-2026,11-02-2026,IN25,Received,PKG0000009,48236900,Disposable - Cup Holder,CT_22,DISPOSABLE PACKAGING - ACCESSORIES - CUP HOLDER,-,DISPOSABLE TAKE AWAY PACKAGING,PCS,1.7,-,1.7,200,61.2,340,401.2,-,10-02-2026,200,61.2,340,401.2,-,324,11-02-2026,200,61.2,340,401.2,-,No,0,0.00,0,0,0,0,Received,
Warehouse NCR,Coffee Island NSP - New Delhi,Coffee Island NSP - Main Store,10-02-2026,11-02-2026,IN25,Received,PKG0000016,39239020,Disposable - Lid (Cold) 12Oz - Dome,CT_23,DISPOSABLE PACKAGING - BEVERAGES - LIDS,-,DISPOSABLE TAKE AWAY PACKAGING,PCS,1.5,-,1.5,200,54,300,354,-,10-02-2026,200,54,300,354,-,324,11-02-2026,200,54,300,354,-,No,0,0.00,0,0,0,0,Received,
Warehouse NCR,Coffee Island NSP - New Delhi,Coffee Island NSP - Main Store,10-02-2026,11-02-2026,IN25,Received,PKG0000018,39239020,Disposable - Lid (Hot) 08Oz,CT_23,DISPOSABLE PACKAGING - BEVERAGES - LIDS,-,DISPOSABLE TAKE AWAY PACKAGING,PCS,2.4,-,2.4,500,216,1200,1416,-,10-02-2026,500,216,1200,1416,-,324,11-02-2026,500,216,1200,1416,-,No,0,0.00,0,0,0,0,Received,
Warehouse NCR,Coffee Island NSP - New Delhi,Coffee Island NSP - Main Store,10-02-2026,11-02-2026,IN25,Received,PKG0000012,48236900,Disposable - Paper Cup 08Oz,CT_25,DISPOSABLE PACKAGING - BEVERAGES - CUPS,-,DISPOSABLE TAKE AWAY PACKAGING,PCS,2.88,-,2.88,200,103.68,576,679.68,-,10-02-2026,200,103.68,576,679.68,-,324,11-02-2026,200,103.68,576,679.68,-,No,0,0.00,0,0,0,0,Received,
Warehouse NCR,Coffee Island NSP - New Delhi,Coffee Island NSP - Main Store,10-02-2026,11-02-2026,IN25,Received,PKG0000023,44190010,Disposable - Stirrer,CT_27,DISPOSABLE PACKAGING - BEVERAGES - WOODEN STIRRER,-,DISPOSABLE TAKE AWAY PACKAGING,PCS..,0.11,-,0.11,500,2.75,55,57.75,-,10-02-2026,500,2.75,55,57.75,-,324,11-02-2026,500,2.75,55,57.75,-,No,0,0.00,0,0,0,0,Received,
Warehouse NCR,Coffee Island NSP - New Delhi,Coffee Island NSP - Main Store,10-02-2026,11-02-2026,IN25,Received,PKG0000020,39269099,Disposable - Straw - 08Mm,CT_26,DISPOSABLE PACKAGING - BEVERAGES - STRAW,-,DISPOSABLE TAKE AWAY PACKAGING,PCS,0.63,-,0.63,200,22.68,126,148.68,-,10-02-2026,200,22.68,126,148.68,-,324,11-02-2026,200,22.68,126,148.68,-,No,0,0.00,0,0,0,0,Received,
Warehouse NCR,Coffee Island NSP - New Delhi,Coffee Island NSP - Main Store,10-02-2026,11-02-2026,IN25,Received,PKG0000021,,Disposable - Straw - 12Mm,CT_26,DISPOSABLE PACKAGING - BEVERAGES - STRAW,-,DISPOSABLE TAKE AWAY PACKAGING,PCS,1,-,1,200,36,200,236,New Straw,10-02-2026,200,36,200,236,-,324,11-02-2026,200,36,200,236,-,No,0,0.00,0,0,0,0,Received,
Warehouse NCR,Coffee Island NSP - New Delhi,Coffee Island NSP - Main Store,10-02-2026,11-02-2026,IN25,Received,PKG0000032,,Disposable - Tissue Paper,CT_31,DISPOSABLE PACKAGING - TISSUE PAPER,-,DISPOSABLE TAKE AWAY PACKAGING,PCS,0.39,-,0.39,4000,280.8,1560,1840.8,-,10-02-2026,4000,280.8,1560,1840.8,-,324,11-02-2026,4000,280.8,1560,1840.8,-,No,0,0.00,0,0,0,0,Received,
Warehouse NCR,Coffee Island NSP - New Delhi,Coffee Island NSP - Main Store,10-02-2026,11-02-2026,IN25,Received,PKG0000024,,Food Wrapping Paper - Ci,CT_28,DISPOSABLE PACKAGING - BUTTER WRAPPING SHEETS,-,DISPOSABLE TAKE AWAY PACKAGING,PCS,1.1,-,1.1,500,99,550,649,-,10-02-2026,500,99,550,649,-,324,11-02-2026,500,99,550,649,-,No,0,0.00,0,0,0,0,Received,
Warehouse NCR,Coffee Island NSP - New Delhi,Coffee Island NSP - Main Store,10-02-2026,11-02-2026,IN25,Received,PKG0000031,,Kitchen Roll 1 Kg,CT_30,DISPOSABLE PACKAGING - KITCHEN ROLL,-,DISPOSABLE TAKE AWAY PACKAGING,PCS..,115,-,115,5,103.5,575,678.5,-,10-02-2026,5,103.5,575,678.5,-,324,11-02-2026,5,103.5,575,678.5,-,No,0,0.00,0,0,0,0,Received,
Warehouse NCR,Coffee Island NSP - New Delhi,Coffee Island NSP - Main Store,10-02-2026,11-02-2026,IN25,Received,PKG0000015,,Plastic Transparent Bowl,CT_25,DISPOSABLE PACKAGING - BEVERAGES - CUPS,-,DISPOSABLE TAKE AWAY PACKAGING,PCS,7.41,-,7.41,100,133.38,741,874.38,-,10-02-2026,100,133.38,741,874.38,-,324,11-02-2026,100,133.38,741,874.38,-,No,0,0.00,0,0,0,0,Received,
Warehouse NCR,Coffee Island NSP - New Delhi,Coffee Island NSP - Main Store,10-02-2026,11-02-2026,IN25,Received,PKG0000008,,Yellow Carry Bag Large - Ci,CT_21,DISPOSABLE PACKAGING - ACCESSORIES - CARRY BAG,-,DISPOSABLE TAKE AWAY PACKAGING,PCS,10.2,-,10.2,200,367.2,2040,2407.2,-,10-02-2026,200,367.2,2039.9999999999998,2407.2,-,324,11-02-2026,200,367.2,2040,2407.2,-,No,0,0.00,0,0,0,0,Received,
Warehouse NCR,Coffee Island NSP - New Delhi,Coffee Island NSP - Main Store,10-02-2026,11-02-2026,IN25,Received,PKG0000006,,Yellow Carry Bag Small - Ci,CT_21,DISPOSABLE PACKAGING - ACCESSORIES - CARRY BAG,-,DISPOSABLE TAKE AWAY PACKAGING,PCS,6.9,-,6.9,200,248.4,1380,1628.4,-,10-02-2026,200,248.4,1380,1628.4,-,324,11-02-2026,200,248.4,1380,1628.4,-,No,0,0.00,0,0,0,0,Received,
Warehouse NCR,Coffee Island Beyond GK II,Coffee Island GK Main  Store,10-02-2026,11-02-2026,IN76,Received,PKG0000011,,Disposable - Sealing Foil,CT_24,DISPOSABLE PACKAGING - BEVERAGES - CUP SEALING FOIL,-,DISPOSABLE TAKE AWAY PACKAGING,PCS..,1.1,-,1.1,600,118.8,660,778.8,-,10-02-2026,600,118.8,660,778.8,-,326,11-02-2026,600,118.8,660,778.8,-,No,0,0.00,0,0,0,0,Received,
Warehouse NCR,Coffee Island Beyond R City,Coffee Island R City Main Store,10-02-2026,17-02-2026,IN3,Supplied,UNI0000036,,Blue Cap (Female),CT_81,UNIFORM - CAP/HEAD GEARS,-,UNIFORM,PCS.,250,-,250,8,100,2000,2100,-,10-02-2026,8,100,2000,2100,-,327,-,0,-,0.00,0,-,No,0,0.00,0,0,0,0,Supplied,
Warehouse NCR,Coffee Island Beyond R City,Coffee Island R City Main Store,10-02-2026,17-02-2026,IN3,Supplied,UNI0000047,4203,CI Denim Half Apron,CT_80,UNIFORM - APRON,-,UNIFORM,PCS.,350,-,350,16,280,5600,5880,-,10-02-2026,16,280,5600,5880,-,327,-,0,-,0.00,0,-,No,0,0.00,0,0,0,0,Supplied,
Warehouse NCR,Coffee Island Beyond R City,Coffee Island R City Main Store,10-02-2026,17-02-2026,IN3,Supplied,PKG0000011,,Disposable - Sealing Foil,CT_24,DISPOSABLE PACKAGING - BEVERAGES - CUP SEALING FOIL,-,DISPOSABLE TAKE AWAY PACKAGING,PCS..,1.1,-,1.1,300,59.4,330,389.4,-,10-02-2026,300,59.4,330,389.4,-,327,-,0,-,0.00,0,-,No,0,0.00,0,0,0,0,Supplied,
Warehouse NCR,Coffee Island Beyond R City,Coffee Island R City Main Store,12-02-2026,13-02-2026,IN4,Supplied,RAW0000004,,Beans - Ethiopian Blend,CT_43,RM BEVERAGES - BEANS,-,RAW MATERIAL,KG,1063.33,-,1063.33,1,53.17,1063.33,1116.5,-,12-02-2026,1,53.17,1063.33,1116.5,-,328,-,0,-,0.00,0,-,No,0,0.00,0,0,0,0,Supplied,
Warehouse NCR,Coffee Island Beyond R City,Coffee Island R City Main Store,12-02-2026,13-02-2026,IN4,Supplied,RAW0000005,,Beans - Ethiopian Single Estate,CT_43,RM BEVERAGES - BEANS,-,RAW MATERIAL,KG,3013.33,-,3013.33,2,301.33,6026.66,6327.99,-,12-02-2026,2,301.33,6026.66,6327.99,-,328,-,0,-,0.00,0,-,No,0,0.00,0,0,0,0,Supplied,
Warehouse NCR,Coffee Island Beyond R City,Coffee Island R City Main Store,12-02-2026,13-02-2026,IN4,Supplied,RAW0000003,,Beans - Kenya Blend,CT_43,RM BEVERAGES - BEANS,-,RAW MATERIAL,KG,1093.33,-,1093.33,2,109.33,2186.66,2295.99,-,12-02-2026,2,109.33,2186.66,2295.99,-,328,-,0,-,0.00,0,-,No,0,0.00,0,0,0,0,Supplied,
Warehouse NCR,Coffee Island Beyond R City,Coffee Island R City Main Store,12-02-2026,13-02-2026,IN4,Supplied,RAW0000006,,Beans - Kenya Single Estate,CT_43,RM BEVERAGES - BEANS,-,RAW MATERIAL,KG,3463.33,-,3463.33,2,346.33,6926.66,7272.99,-,12-02-2026,2,346.33,6926.660000000001,7272.99,-,328,-,0,-,0.00,0,-,No,0,0.00,0,0,0,0,Supplied,
Warehouse NCR,Coffee Island Beyond R City,Coffee Island R City Main Store,12-02-2026,13-02-2026,IN4,Supplied,RAW0000001,,Beans - Master Blend,CT_43,RM BEVERAGES - BEANS,-,RAW MATERIAL,KG,798.33,-,798.33,10,399.17,7983.3,8382.47,-,12-02-2026,10,399.17,7983.3,8382.47,-,328,-,0,-,0.00,0,-,No,0,0.00,0,0,0,0,Supplied,
Warehouse NCR,Coffee Island Beyond R City,Coffee Island R City Main Store,12-02-2026,13-02-2026,IN4,Supplied,PKG0000037,,Coffee Island Milk Variant Sticker,-,DISPOSABLE PACKAGING - ACCESSORIES - STICKERS,03,DISPOSABLE TAKE AWAY PACKAGING,PCS,0.75,-,0.75,500,67.5,375,442.5,-,12-02-2026,504,68.04,378,446.04,-,328,-,0,-,0.00,0,-,No,0,0.00,0,0,0,0,-,
Warehouse NCR,Coffee Island Beyond R City,Coffee Island R City Main Store,12-02-2026,13-02-2026,IN4,Supplied,PKG0000021,,Disposable - Straw - 12Mm,CT_26,DISPOSABLE PACKAGING - BEVERAGES - STRAW,-,DISPOSABLE TAKE AWAY PACKAGING,PCS,1,-,1,500,90,500,590,-,12-02-2026,500,90,500,590,-,328,-,0,-,0.00,0,-,No,0,0.00,0,0,0,0,Supplied,
Warehouse NCR,Coffee Island Beyond R City,Coffee Island R City Main Store,12-02-2026,13-02-2026,IN4,Supplied,RAW0000045,18061000,Sauce - Chocolate,CT_49,RM BEVERAGES - SYRUP/SAUCE,-,RAW MATERIAL,BTL(1L/1300GM),170,-,170,4,34,680,714,-,12-02-2026,4,34,680,714,-,328,-,0,-,0.00,0,-,No,0,0.00,0,0,0,0,Supplied,
Warehouse NCR,Coffee Island Beyond R City,Coffee Island R City Main Store,12-02-2026,13-02-2026,IN4,Supplied,PKG0000006,,Yellow Carry Bag Small - Ci,CT_21,DISPOSABLE PACKAGING - ACCESSORIES - CARRY BAG,-,DISPOSABLE TAKE AWAY PACKAGING,PCS,6.9,-,6.9,400,496.8,2760,3256.8,-,12-02-2026,400,496.8,2760,3256.8,-,328,-,0,-,0.00,0,-,No,0,0.00,0,0,0,0,Supplied,
Warehouse NCR,Coffee Island Eros Churchgate - Mumbai,Coffee Island Eros Churchgate - Main Store,12-02-2026,13-02-2026,IN38,Received,CAP0000322,,Table Top Commercial Induction Plate - Stella-TS3501,CT_02,BOH FOOD EQUIPMENT,-,CAPEX,PCS..,12000,-,12000,1,2160,12000,14160,-,12-02-2026,1,2160,12000,14160,-,329,17-02-2026,1,2160,12000,14160,-,No,0,0.00,0,0,0,0,Received,
Warehouse NCR,Coffee Island Eros Churchgate - Mumbai,Coffee Island Eros Churchgate - Main Store,12-02-2026,17-02-2026,IN39,Received,CAP0000516,,SS Handle Non Stick Pan - Black Diamond 26 Cm,CT_13,SMALLWARE,-,CAPEX,PCS,925,-,925,2,92.5,1850,1942.5,-,12-02-2026,2,92.5,1850,1942.5,-,330,17-02-2026,2,92.5,1850,1942.5,-,No,0,0.00,0,0,0,0,Received,
,,,,,,,,,,,,,,,,,,Grand Total,35101.62,405976.66,441078.28,,,,34782.41,403712.16,438494.57,,,,,32303.15,365753.7,398056.85,,,,1523.85,,0,,0,